Accession,Organism_Name,GenBank_RefSeq,Assembly,SRA_Accession,Submitters,Organization,Org_location,Release_Date,Isolate,Species,Genus,Family,Molecule_type,Length,Nuc_Completeness,Genotype,Segment,Publications,Geo_Location,Country,USA,Host,Tissue_Specimen_Source,Collection_Date,BioSample,BioProject,GenBank_Title
NC_074775,Aichi virus 1,RefSeq,GCF_002817065.1,,"Sasaki,J., Kusuhara,Y., Maeno,Y., Kobayashi,N., Yamashita,T., Sakae,K., Takeda,N., Taniguchi,K.","National Center for Biotechnology Information, NIH",USA,2023-05-04,,Kobuvirus aichi,Kobuvirus,Picornaviridae,ssRNA(+),8280,complete,,,1,,,,,,,,PRJNA485481,"Aichi virus genomic RNA, complete genome"
NC_075280,Picornaviridae sp.,RefSeq,GCF_003389975.1,,"Yang,S., Wang,Y., Zhang,W.","National Center for Biotechnology Information, NIH",USA,2023-05-04,yc-1,Picornaviridae sp.,,Picornaviridae,ssRNA(+),7443,complete,,,,China,China,,Grus japonensis,feces,2014-12,,PRJNA485481,"Picornaviridae sp. isolate yc-1, complete genome"
NC_075281,grusopivirus A1,RefSeq,GCF_003390015.1,,"Yang,S., Wang,Y., Zhang,W.","National Center for Biotechnology Information, NIH",USA,2023-05-04,yc-5,Grusopivirus A,Grusopivirus,Picornaviridae,ssRNA(+),7917,complete,,,,China,China,,Grus japonensis,feces,2014-12,,PRJNA485481,"Grusopivirus A1 isolate yc-5, complete genome"
NC_075282,grusopivirus B1,RefSeq,GCF_003390035.1,,"Yang,S., Wang,Y., Zhang,W.","National Center for Biotechnology Information, NIH",USA,2023-05-04,yc-6,Grusopivirus B,Grusopivirus,Picornaviridae,ssRNA(+),7104,complete,,,,China,China,,Grus japonensis,feces,2014-12,,PRJNA485481,"Grusopivirus B1 isolate yc-6, complete genome"
NC_075425,Rosavirus C,RefSeq,GCF_004787775.1,,,"National Center for Biotechnology Information, NIH",USA,2023-05-04,,Rosavirus C,Rosavirus,Picornaviridae,ssRNA(+),8898,complete,,,,Hong Kong,Hong Kong,,Rattus andamanensis,,2008-11-13,,PRJNA485481,"Rosavirus C strain RASK8F polyprotein (QKD12_gp1) gene, complete cds"
NC_075428,Canine picornavirus,RefSeq,GCF_004788075.1,,"Norby,E.A., Marchwicki,R.H., Jarman,R.G., Keiser,P.B., Binn,L.N., Hang,J.","National Center for Biotechnology Information, NIH",USA,2023-05-04,A128thr,Mischivirus D,Mischivirus,Picornaviridae,ssRNA(+),7618,complete,,,,"USA: Silver Spring, Maryland",USA,MD,Canis lupus familiaris,oronasopharynx,1968-12,,PRJNA485481,"Canine picornavirus isolate A128thr polyprotein (QKD15_gp1) gene, complete cds"
NC_075445,grusopivirus C1,RefSeq,GCF_004995665.1,,"Wang,H., Shan,T., Zhang,W.","National Center for Biotechnology Information, NIH",USA,2023-05-04,LoPV-1,Grusopivirus C,Grusopivirus,Picornaviridae,ssRNA(+),7862,complete,,,,China,China,,Trichoglossus moluccanus,feces,2015,,PRJNA485481,"Grusopivirus C1 isolate LoPV-1, complete genome"
NC_075977,cardiovirus F1,RefSeq,GCF_013086185.1,,"Wu,Z., Lu,L., Du,J., Yang,L., Ren,X., Liu,B., Jiang,J., Yang,J., Dong,J., Sun,L., Zhu,Y., Li,Y., Zheng,D., Zhang,C., Su,H., Zheng,Y., Zhou,H., Zhu,G., Li,H., Chmura,A., Yang,F., Daszak,P., Wang,J., Liu,Q., Jin,Q.","National Center for Biotechnology Information, NIH",USA,2023-05-04,RtMruf-PicoV/JL2014-1,Cardiovirus F,Cardiovirus,Picornaviridae,ssRNA(+),7890,complete,,,1,China,China,,Rodentia,,,,PRJNA485481,"Cardiovirus F1 isolate RtMruf-PicoV/JL2014-1 polyprotein (QKJ43_gp1) gene, complete cds"
NC_075987,gruhelivirus A1,RefSeq,GCF_013087255.1,,"Yang,S., Wang,Y., Zhang,W.","National Center for Biotechnology Information, NIH",USA,2023-05-04,yc-2,Gruhelivirus A,Gruhelivirus,Picornaviridae,ssRNA(+),7073,complete,,,,China,China,,Grus japonensis,feces,2014-12,,PRJNA485481,"Gruhelivirus A1 isolate yc-2 polyprotein (QKJ53_gp1) gene, partial cds"
NC_075992,anativirus B1,RefSeq,GCF_013087335.1,,"Boros,A., Pankovics,P., Adonyi,A., Fenyvesi,H., Day,J.M., Phan,T.G., Delwart,E., Reuter,G.","National Center for Biotechnology Information, NIH",USA,2023-05-04,,Anativirus biphaco,Anativirus,Picornaviridae,ssRNA(+),8204,complete,,,1,Hungary,Hungary,,Gallus gallus,cloaca,2013,,PRJNA485481,"Anativirus B1, complete genome"
NC_075994,Potamipivirus A,RefSeq,GCF_013087405.1,,"Hahn,M.A., Dheilly,N.M.","National Center for Biotechnology Information, NIH",USA,2023-05-04,TSPV,Potamipivirus A,Potamipivirus,Picornaviridae,ssRNA(+),8532,complete,,,,USA: Alaska,USA,AK,Gasterosteus aculeatus,"feces, abdominal cavity",2016-06-10,,PRJNA485481,"Potamipivirus A isolate TSPV, complete genome"
NC_075995,rohelivirus A1,RefSeq,GCF_013087415.1,,"Wu,Z., Lu,L., Du,J., Yang,L., Ren,X., Liu,B., Jiang,J., Yang,J., Dong,J., Sun,L., Zhu,Y., Li,Y., Zheng,D., Zhang,C., Su,H., Zheng,Y., Zhou,H., Zhu,G., Li,H., Chmura,A., Yang,F., Daszak,P., Wang,J., Liu,Q., Jin,Q., Liu,F., Guo,F., Liu,J.","National Center for Biotechnology Information, NIH",USA,2023-05-04,rodent/Ds/PicoV/IM2014,Rohelivirus A,Rohelivirus,Picornaviridae,ssRNA(+),7780,complete,,,2,China,China,,Rodentia,,,,PRJNA485481,"Picornaviridae sp. rodent/Ds/PicoV/IM2014 polyprotein (QKJ61_gp1) gene, complete cds"
NC_076005,pemapivirus B1,RefSeq,GCF_013087835.1,,"Shi,M., Lin,X.D., Chen,X., Tian,J.H., Chen,L.J., Li,K., Wang,W., Eden,J.S., Shen,J.J., Liu,L., Holmes,E.C., Zhang,Y.Z., Lin,X.-D., Tian,J.-H., Chen,L.-J., Eden,J.-S., Shen,J.-J., Zhuang,Y.-Z.","National Center for Biotechnology Information, NIH",USA,2023-05-04,,Pemapivirus B,Pemapivirus,Picornaviridae,ssRNA(+),9218,complete,,,1,China,China,,Mauremys megalocephala,,,,PRJNA485481,"Chinese broad-headed pond turtle picornavirus 1 strain WHWGC151314 polyprotein (QKJ71_gp1) gene, complete cds"
NC_076006,tropivirus A1,RefSeq,GCF_013087845.1,,"Shi,M., Lin,X.D., Chen,X., Tian,J.H., Chen,L.J., Li,K., Wang,W., Eden,J.S., Shen,J.J., Liu,L., Holmes,E.C., Zhang,Y.Z., Lin,X.-D., Tian,J.-H., Chen,L.-J., Eden,J.-S., Shen,J.-J., Zhuang,Y.-Z.","National Center for Biotechnology Information, NIH",USA,2023-05-04,,Tropivirus A,Tropivirus,Picornaviridae,ssRNA(+),8049,complete,,,1,China,China,,Tropidophorus sinicus,,,,PRJNA485481,"Tropivirus A1 strain ZGLXR119682 polyprotein (QKJ72_gp1) gene, complete cds"
NC_076008,Hainan oriental leaf-toed gecko picornavirus,RefSeq,GCF_013087865.1,,"Shi,M., Lin,X.D., Chen,X., Tian,J.H., Chen,L.J., Li,K., Wang,W., Eden,J.S., Shen,J.J., Liu,L., Holmes,E.C., Zhang,Y.Z., Lin,X.-D., Tian,J.-H., Chen,L.-J., Eden,J.-S., Shen,J.-J., Zhuang,Y.-Z.","National Center for Biotechnology Information, NIH",USA,2023-05-04,,Hemipivirus A,Hemipivirus,Picornaviridae,ssRNA(+),7969,complete,,,1,China,China,,Hemidactylus bowringii,,,,PRJNA485481,"Hainan oriental leaf-toed gecko picornavirus strain LPXYC213122 polyprotein (QKJ74_gp1) gene, complete cds"
NC_076009,Wenling banjofish picornavirus 1,RefSeq,GCF_013087875.1,,"Shi,M., Lin,X.D., Chen,X., Tian,J.H., Chen,L.J., Li,K., Wang,W., Eden,J.S., Shen,J.J., Liu,L., Holmes,E.C., Zhang,Y.Z., Lin,X.-D., Tian,J.-H., Chen,L.-J., Eden,J.-S., Shen,J.-J., Zhuang,Y.-Z.","National Center for Biotechnology Information, NIH",USA,2023-05-04,,Fipivirus E,Fipivirus,Picornaviridae,ssRNA(+),8173,complete,,,1,China,China,,Banjos banjos,,,,PRJNA485481,"Wenling banjofish picornavirus 1 strain LXMC34076 polyprotein (QKJ75_gp1) gene, complete cds"
NC_076011,Wenling crossorhombus picornavirus,RefSeq,GCF_013087895.1,,"Shi,M., Lin,X.D., Chen,X., Tian,J.H., Chen,L.J., Li,K., Wang,W., Eden,J.S., Shen,J.J., Liu,L., Holmes,E.C., Zhang,Y.Z., Lin,X.-D., Tian,J.-H., Chen,L.-J., Eden,J.-S., Shen,J.-J., Zhuang,Y.-Z.","National Center for Biotechnology Information, NIH",USA,2023-05-04,,Fipivirus C,Fipivirus,Picornaviridae,ssRNA(+),7790,complete,,,1,China,China,,Crossorhombus sp.,,,,PRJNA485481,"Wenling crossorhombus picornavirus strain XDXMC21480 polyprotein (QKJ77_gp1) gene, complete cds"
NC_076012,Wuhan sharpbelly picornavirus 2,RefSeq,GCF_013087905.1,,"Shi,M., Lin,X.D., Chen,X., Tian,J.H., Chen,L.J., Li,K., Wang,W., Eden,J.S., Shen,J.J., Liu,L., Holmes,E.C., Zhang,Y.Z., Lin,X.-D., Tian,J.-H., Chen,L.-J., Eden,J.-S., Shen,J.-J., Zhuang,Y.-Z.","National Center for Biotechnology Information, NIH",USA,2023-05-04,,Fipivirus A,Fipivirus,Picornaviridae,ssRNA(+),7965,complete,,,1,China,China,,Hemiculter leucisculus,,,,PRJNA485481,"Wuhan sharpbelly picornavirus 2 strain DSYC36136 polyprotein (QKJ78_gp1) gene, complete cds"
NC_076013,Wuhan sharpbelly picornavirus 3,RefSeq,GCF_013087915.1,,"Shi,M., Lin,X.D., Chen,X., Tian,J.H., Chen,L.J., Li,K., Wang,W., Eden,J.S., Shen,J.J., Liu,L., Holmes,E.C., Zhang,Y.Z., Lin,X.-D., Tian,J.-H., Chen,L.-J., Eden,J.-S., Shen,J.-J., Zhuang,Y.-Z.","National Center for Biotechnology Information, NIH",USA,2023-05-04,,Fipivirus B,Fipivirus,Picornaviridae,ssRNA(+),7871,complete,,,1,China,China,,Hemiculter leucisculus,,,,PRJNA485481,"Wuhan sharpbelly picornavirus 3 strain DSYC47507 polyprotein (QKJ79_gp1) gene, complete cds"
NC_076014,Wenling triplecross lizardfish picornavirus,RefSeq,GCF_013087925.1,,"Shi,M., Lin,X.D., Chen,X., Tian,J.H., Chen,L.J., Li,K., Wang,W., Eden,J.S., Shen,J.J., Liu,L., Holmes,E.C., Zhang,Y.Z., Lin,X.-D., Tian,J.-H., Chen,L.-J., Eden,J.-S., Shen,J.-J., Zhuang,Y.-Z.","National Center for Biotechnology Information, NIH",USA,2023-05-04,,Symapivirus A,Symapivirus,Picornaviridae,ssRNA(+),8591,complete,,,1,China,China,,Synodus macrops,,,,PRJNA485481,"Wenling triplecross lizardfish picornavirus strain XYHYC185246 polyprotein (QKJ80_gp1) gene, complete cds"
NC_076015,fipivirus D1,RefSeq,GCF_013087935.1,,"Shi,M., Lin,X.D., Chen,X., Tian,J.H., Chen,L.J., Li,K., Wang,W., Eden,J.S., Shen,J.J., Liu,L., Holmes,E.C., Zhang,Y.Z., Lin,X.-D., Tian,J.-H., Chen,L.-J., Eden,J.-S., Shen,J.-J., Zhuang,Y.-Z.","National Center for Biotechnology Information, NIH",USA,2023-05-04,,Fipivirus D,Fipivirus,Picornaviridae,ssRNA(+),8084,complete,,,1,China,China,,Trachurus,,,,PRJNA485481,"Wenling jack mackerels picornavirus strain LXMC375591 polyprotein (QKJ81_gp1) gene, complete cds"
NC_076017,Marmot mosavirus,RefSeq,GCF_013087965.1,,"Luo,X.L., Lu,S., Jin,D., Yang,J., Wu,S.S., Xu,J., Luo,X., Xiong,Y., Pu,J.","National Center for Biotechnology Information, NIH",USA,2023-05-04,,Marmot mosavirus,Mosavirus,Picornaviridae,ssRNA(+),8170,complete,,,1,China,China,,Marmota himalayana,,2013,,PRJNA485481,"Marmot mosavirus strain HT8, complete genome"
NC_076037,Bovine picornavirus,RefSeq,GCF_013090055.1,,"Nagai,M., Omatsu,T., Aoki,H., Kaku,Y., Belsham,G.J., Haga,K., Naoi,Y., Sano,K., Umetsu,M., Shiokawa,M., Tsuchiaka,S., Furuya,T., Okazaki,S., Katayama,Y., Oba,M., Shirai,J., Katayama,K., Mizutani,T.","National Center for Biotechnology Information, NIH",USA,2023-05-04,,Bopivirus A,Bopivirus,Picornaviridae,ssRNA(+),7570,complete,,,1,Japan: Hokkaido,Japan,,Bos taurus,,2009,,PRJNA485481,"Bovine picornavirus genomic RNA, complete genome, strain: Bo-11-39/2009/JPN"
NC_076038,Bovine picornavirus,RefSeq,GCF_013090065.1,,"Nagai,M., Omatsu,T., Aoki,H., Kaku,Y., Belsham,G.J., Haga,K., Naoi,Y., Sano,K., Umetsu,M., Shiokawa,M., Tsuchiaka,S., Furuya,T., Okazaki,S., Katayama,Y., Oba,M., Shirai,J., Katayama,K., Mizutani,T.","National Center for Biotechnology Information, NIH",USA,2023-05-04,,Bopivirus A,Bopivirus,Picornaviridae,ssRNA(+),7625,complete,,,1,Japan,Japan,,Bos taurus,,2009-12,,PRJNA485481,"Bovine picornavirus genomic RNA, complete genome, strain: Bo-12-3/2009/JPN"
NC_076040,Bat picornavirus,RefSeq,GCF_013090085.1,,"Wu,Z., Yang,L., Ren,X., He,G., Zhang,J., Yang,J., Qian,Z., Dong,J., Sun,L., Zhu,Y., Du,J., Yang,F., Zhang,S., Jin,Q.","National Center for Biotechnology Information, NIH",USA,2023-05-04,BtNv-PicoV/SC2013,Shanbavirus A,Shanbavirus,Picornaviridae,ssRNA(+),7048,complete,,,1,China,China,,Nyctalus velutinus,,2013-03,,PRJNA485481,"Bat picornavirus isolate BtNv-PicoV/SC2013 polyprotein gene, complete cds"
NC_076099,cardiovirus E1,RefSeq,GCF_014883865.1,,"Wu,Z., Lu,L., Du,J., Yang,L., Ren,X., Liu,B., Jiang,J., Yang,J., Dong,J., Sun,L., Zhu,Y., Li,Y., Zheng,D., Zhang,C., Su,H., Zheng,Y., Zhou,H., Zhu,G., Li,H., Chmura,A., Yang,F., Daszak,P., Wang,J., Liu,Q., Jin,Q.","National Center for Biotechnology Information, NIH",USA,2023-05-04,RtMrut-PicoV/JL2014-1,Cardiovirus E,Cardiovirus,Picornaviridae,ssRNA(+),8122,complete,,,1,China,China,,Rodentia,,,,PRJNA485481,"Cardiovirus E1 isolate RtMrut-PicoV/JL2014-1 polyprotein (QKK66_gp1) gene, complete cds"
NC_076217,Wenling chelidoperca picornavirus,RefSeq,GCF_018583395.1,,"Shi,M., Lin,X.D., Chen,X., Tian,J.H., Chen,L.J., Li,K., Wang,W., Eden,J.S., Shen,J.J., Liu,L., Holmes,E.C., Zhang,Y.Z., Lin,X.-D., Tian,J.-H., Chen,L.-J., Eden,J.-S., Shen,J.-J., Zhuang,Y.-Z.","National Center for Biotechnology Information, NIH",USA,2023-05-04,,Fipivirus F,Fipivirus,Picornaviridae,ssRNA(+),8332,complete,,,1,China,China,,Chelidoperca sp.,,,,PRJNA485481,"Wenling chelidoperca picornavirus strain LXMC188591 polyprotein (QKL90_gp1) gene, complete cds"
NC_076218,tropivirus B1,RefSeq,GCF_018583405.1,,"Shi,M., Lin,X.D., Chen,X., Tian,J.H., Chen,L.J., Li,K., Wang,W., Eden,J.S., Shen,J.J., Liu,L., Holmes,E.C., Zhang,Y.Z., Lin,X.-D., Tian,J.-H., Chen,L.-J., Eden,J.-S., Shen,J.-J., Zhuang,Y.-Z.","National Center for Biotechnology Information, NIH",USA,2023-05-04,,Tropivirus B,Tropivirus,Picornaviridae,ssRNA(+),8343,complete,,,1,China,China,,Teratoscincus roborowskii,,,,PRJNA485481,"Tropivirus B1 strain LPWC175499 polyprotein (QKL91_gp1) gene, complete cds"
NC_076219,rajidapivirus A1,RefSeq,GCF_018583415.1,,"Shi,M., Lin,X.D., Chen,X., Tian,J.H., Chen,L.J., Li,K., Wang,W., Eden,J.S., Shen,J.J., Liu,L., Holmes,E.C., Zhang,Y.Z., Lin,X.-D., Tian,J.-H., Chen,L.-J., Eden,J.-S., Shen,J.-J., Zhuang,Y.-Z.","National Center for Biotechnology Information, NIH",USA,2023-05-04,,Rajidapivirus A,Rajidapivirus,Picornaviridae,ssRNA(+),7947,complete,,,1,China,China,,Okamejei acutispina,,,,PRJNA485481,"Rajidapivirus A1 strain DHBYCGS18742 polyprotein (QKL92_gp1) gene, complete cds"
NC_076220,Guangdong spotted longbarbel catfish picornavirus,RefSeq,GCF_018583425.1,,"Shi,M., Lin,X.D., Chen,X., Tian,J.H., Chen,L.J., Li,K., Wang,W., Eden,J.S., Shen,J.J., Liu,L., Holmes,E.C., Zhang,Y.Z., Lin,X.-D., Tian,J.-H., Chen,L.-J., Eden,J.-S., Shen,J.-J., Zhuang,Y.-Z.","National Center for Biotechnology Information, NIH",USA,2023-05-04,,Limnipivirus D,Limnipivirus,Picornaviridae,ssRNA(+),7504,complete,,,1,China,China,,Hemibagrus guttatus,,,,PRJNA485481,"Guangdong spotted longbarbel catfish picornavirus strain GDDSYC43605 polyprotein (QKL93_gp1) gene, complete cds"
NC_076221,Guangdong fish caecilians picornavirus,RefSeq,GCF_018583435.1,,"Shi,M., Lin,X.D., Chen,X., Tian,J.H., Chen,L.J., Li,K., Wang,W., Eden,J.S., Shen,J.J., Liu,L., Holmes,E.C., Zhang,Y.Z., Lin,X.-D., Tian,J.-H., Chen,L.-J., Eden,J.-S., Shen,J.-J., Zhuang,Y.-Z.","National Center for Biotechnology Information, NIH",USA,2023-05-04,,Caecilivirus A,Caecilivirus,Picornaviridae,ssRNA(+),8318,complete,,,1,China,China,,Ichthyophis bannanicus,,,,PRJNA485481,"Guangdong fish caecilians picornavirus strain GDYYC83005 polyprotein (QKL94_gp1) gene, complete cds"
NC_076245,Zebrafish picornavirus 1,RefSeq,GCF_018583735.1,,"Altan,E., Kubiski,S.V., Boros,A., Reuter,G., Sadeghi,M., Deng,X., Creighton,E.K., Crim,M.J., Delwart,E., Besch-Williford,C.","National Center for Biotechnology Information, NIH",USA,2023-05-04,,Cyprivirus A,,Picornaviridae,ssRNA(+),8298,complete,,,1,USA,USA,,Danio rerio,"feces, abdominal cavity",2017,,PRJNA485481,"Zebrafish picornavirus 1 strain IDEXX/ZfPV-1/2017/USA, complete genome"
NC_076508,pemapivirus A1,RefSeq,GCF_021461775.1,,"Shi,M., Lin,X.D., Chen,X., Tian,J.H., Chen,L.J., Li,K., Wang,W., Eden,J.S., Shen,J.J., Liu,L., Holmes,E.C., Zhang,Y.Z., Lin,X.-D., Tian,J.-H., Chen,L.-J., Eden,J.-S., Shen,J.-J., Zhuang,Y.-Z.","National Center for Biotechnology Information, NIH",USA,2023-05-04,,Pemapivirus A,Pemapivirus,Picornaviridae,ssRNA(+),9196,complete,,,1,China,China,,Pelodiscus sinensis,,,,PRJNA485481,"Chinese softshell turtle picornavirus 1 strain WHJYGF74978 polyprotein (QKO81_gp1) gene, complete cds"
NC_077220,Ovine picornavirus,RefSeq,GCF_900692495.1,,,"National Center for Biotechnology Information, NIH",USA,2023-05-04,NA,Ovine picornavirus,,Picornaviridae,ssRNA(+),7557,complete,,,,United Kingdom,United Kingdom,,Ovis aries,,,SAMEA5337357,PRJNA485481,"Ovine picornavirus genome assembly, complete genome: monopartite"
NC_055108,poecivirus A1,RefSeq,GCF_003085835.1,,"Zylberberg,M., Van Hemert,C., Dumbacher,J.P., Handel,C.M., Tihan,T., DeRisi,J.L.","National Center for Biotechnology Information, NIH",USA,2021-06-01,,Poecivirus A,Poecivirus,Picornaviridae,ssRNA(+),7653,complete,,,1,USA: Alaska,USA,AK,Poecile atricapillus,,2002-12-02,,PRJNA485481,"Poecivirus BCCH-449 polyprotein gene, complete cds"
NC_055156,Rabovirus B1,RefSeq,GCF_004788035.1,,"Wu,Z., Lu,L., Du,J., Yang,L., Ren,X., Liu,B., Jiang,J., Yang,J., Dong,J., Sun,L., Zhu,Y., Li,Y., Zheng,D., Zhang,C., Su,H., Zheng,Y., Zhou,H., Zhu,G., Li,H., Chmura,A., Yang,F., Daszak,P., Wang,J., Liu,Q., Jin,Q.","National Center for Biotechnology Information, NIH",USA,2021-06-01,RtMp-PicoV/YN2014,Rabovirus B,Rabovirus,Picornaviridae,ssRNA(+),7278,complete,,,1,China,China,,Rodentia,,,,PRJNA485481,"Rabovirus B1 isolate RtMp-PicoV/YN2014, partial genome"
NC_055159,tottorivirus A1,RefSeq,GCF_004788275.1,,"Naoi,Y., Kishimoto,M., Masuda,T., Ito,M., Tsuchiaka,S., Sano,K., Yamasato,H., Omatsu,T., Aoki,H., Furuya,T., Katayama,Y., Oba,M., Okada,T., Shirai,J., Mizutani,T., Nagai,M.","National Center for Biotechnology Information, NIH",USA,2021-06-01,,Tottorivirus A,Tottorivirus,Picornaviridae,ssRNA(+),7062,complete,,,1,Japan: Tottori,Japan,,Sus scrofa domesticus,,2015,,PRJNA485481,"Swine picornavirus Tottori-WOL gene for polyprotein, complete cds"
NC_055160,Rabovirus D1,RefSeq,GCF_004788355.1,,"Willams,S.H., Che,X., Garcia,J.A., Klena,J.D., Lee,B., Muller,D., Ulrich,W., Corrigan,R.M., Nichol,S., Jain,K., Lipkin,W.I., Williams,S.H.","National Center for Biotechnology Information, NIH",USA,2021-06-01,MPV/NYC/2014/M005/0074,Rabovirus D,Rabovirus,Picornaviridae,ssRNA(+),7112,complete,,,,USA,USA,,Mus musculus,feces,2014-08-15,,PRJNA485481,"Rabovirus D1 isolate MPV/NYC/2014/M005/0074, partial genome"
NC_055161,Aimelvirus 1,RefSeq,GCF_004788395.1,,"Zhang,W., Yang,S., Shan,T., Hou,R., Liu,Z., Li,W., Guo,L., Wang,Y., Chen,P., Wang,X., Feng,F., Wang,H., Chen,C., Shen,Q., Zhou,C., Hua,X., Cui,L., Deng,X., Zhang,Z., Qi,D., Delwart,E.","National Center for Biotechnology Information, NIH",USA,2021-06-01,,Ailurivirus agiapa,Ailurivirus,Picornaviridae,ssRNA(+),8029,complete,,,1,China,China,,,feces,2015,,PRJNA485481,"Aimelvirus 1 strain gpai001, complete genome"
NC_043544,rafivirus B1,RefSeq,GCF_004789095.1,,"Shi,M., Lin,X.D., Chen,X., Tian,J.H., Chen,L.J., Li,K., Wang,W., Eden,J.S., Shen,J.J., Liu,L., Holmes,E.C., Zhang,Y.Z., Lin,X.-D., Tian,J.-H., Chen,L.-J., Eden,J.-S., Shen,J.-J., Zhuang,Y.-Z.","National Center for Biotechnology Information, NIH",USA,2019-06-28,,Rafivirus B,Rafivirus,Picornaviridae,ssRNA(+),7400,complete,,,1,China,China,,Gekko similignum,,,,PRJNA485481,"Hainan gekko similignum picornavirus strain LPXYC222841 polyprotein gene, complete cds"
NC_040605,Marmot sapelovirus 1,RefSeq,GCF_004130455.1,,"Luo,X.L., Lu,S., Jin,D., Yang,J., Wu,S.S., Xu,J., Luo,X., Xiong,Y., Pu,J.","National Center for Biotechnology Information, NIH",USA,2019-02-12,,Marmot sapelovirus 1,Sapelovirus,Picornaviridae,ssRNA(+),7726,complete,,,1,China,China,,Marmota himalayana,,2013,,PRJNA485481,"Marmot sapelovirus 1 strain HT5, complete genome"
NC_040611,cadicivirus B1,RefSeq,GCF_004131005.1,,"Reuter,G., Boros,A., Foldvari,G., Szekeres,S., Matics,R., Kapusinszky,B., Delwart,E., Pankovics,P.","National Center for Biotechnology Information, NIH",USA,2019-02-12,,Cadicivirus B,Dicipivirus,Picornaviridae,ssRNA(+),8838,complete,,,1,Hungary,Hungary,,Erinaceus roumanicus,feces,2015-04,,PRJNA485481,"Hedgehog dicipivirus strain hedgehog/H14/2015/HUN, complete genome"
NC_040642,Rhimavirus A,RefSeq,GCF_004133465.1,,"Russo,A.G., Eden,J.-S., Enosi Tuipulotu,D., Shi,M., Selechnik,D., Shine,R., Rollins,L.A., Holmes,E.C., White,P.A.","National Center for Biotechnology Information, NIH",USA,2019-02-12,,Rhimavirus A,,Picornaviridae,ssRNA(+),7456,complete,,,,Australia,Australia,,Rhinella marina,,2017,,PRJNA485481,"Rhimavirus A, complete genome"
NC_040673,tremovirus B1,RefSeq,GCF_004130375.1,,"Pan,X., Shen,J., Lin,L., Yuan,X., Xu,Y., Yao,J., Yin,W.","National Center for Biotechnology Information, NIH",USA,2019-02-12,,Tremovirus B,Tremovirus,Picornaviridae,ssRNA(+),8145,complete,,,,China: Shangrao,China,,Pelodiscus sinensis,,2011-06-06,,PRJNA485481,"Pelodiscus sinensis picornavirus 1 strain CNSR2011, complete genome"
NC_040684,Goose picornavirus 1,RefSeq,GCF_004131145.1,,"Boros,A., Pankovics,P., Simmonds,P., Kiss,T., Phan,T.G., Delwart,E., Reuter,G.","National Center for Biotechnology Information, NIH",USA,2019-02-12,,Ludopivirus A,Ludopivirus,Picornaviridae,ssRNA(+),8051,complete,,,1,Hungary,Hungary,,Anser albifrons,cloaca,2013,,PRJNA485481,"Goose picornavirus 1 strain goose/NLSZK2/HUN/2013, complete genome"
NC_038303,Bovine rhinitis A virus,RefSeq,GCF_002816515.1,,"Hause,B.M., Collin,E.A., Anderson,J., Hesse,R.A., Anderson,G.","National Center for Biotechnology Information, NIH",USA,2018-08-24,,Bovine rhinitis A virus,Aphthovirus,Picornaviridae,ssRNA(+),7245,complete,,,1,Germany,Germany,,Bos taurus,oronasopharynx,1962,,PRJNA485481,"Bovine rhinitis A virus strain Sd-1 polyprotein gene, complete cds"
NC_038304,Turkey avisivirus,RefSeq,GCF_002816595.1,,"Ng,T.F., Cheung,A.K., Wong,W., Lager,K.M., Kondov,N.O., Cha,Y., Murphy,D.A., Pogranichniy,R.M., Delwart,E., Ng,T.F.F., Lager,K., Pogranichniy,R.","National Center for Biotechnology Information, NIH",USA,2018-08-24,USA-IN1,Avisivirus A,Avisivirus,Picornaviridae,ssRNA(+),7373,complete,,,1,USA: Indiana,USA,IN,Meleagris gallopavo,,2010-10-01,,PRJNA485481,"Turkey avisivirus isolate USA-IN1, complete genome"
NC_038305,cardiovirus C1,RefSeq,GCF_002816635.1,,"Gohndrone,J.D., Riley,L.K.","National Center for Biotechnology Information, NIH",USA,2018-08-24,BCV-1,Cardiovirus C,Cardiovirus,Picornaviridae,ssRNA(+),8530,complete,,,,USA,USA,,Rattus norvegicus,,2010-12-17,,PRJNA485481,"Boone cardiovirus 1 isolate BCV-1 polyprotein gene, complete cds"
NC_038306,Coxsackievirus A2,RefSeq,GCF_002816655.1,,,"National Center for Biotechnology Information, NIH",USA,2018-08-24,CA2,Enterovirus A,Enterovirus,Picornaviridae,ssRNA(+),7398,complete,,,,,,,,,,,PRJNA485481,"Human coxsackievirus A2 strain Fleetwood, complete genome"
NC_038307,Coxsackievirus B3,RefSeq,GCF_002816685.1,,"Tracy,S., Chapman,N.M., Tu,Z., Klump,W.M., Bergmann,I., Muller,B.C., Ameis,D., Kandolf,R., Lindberg,A.M., Stalhandske,P.O., Pettersson,U.","National Center for Biotechnology Information, NIH",USA,2018-08-24,,Enterovirus B,Enterovirus,Picornaviridae,ssRNA(+),7399,complete,,,3,,,,Homo sapiens,,,,PRJNA485481,"Coxsackievirus B3 mRNA, complete genome"
NC_038308,enterovirus D68,RefSeq,GCF_002816725.1,,"Oberste,M.S., Maher,K., Schnurr,D., Flemister,M.R., Lovchik,J.C., Peters,H., Sessions,W., Kirk,C., Chatterjee,N., Fuller,S., Hanauer,J.M., Pallansch,M.A.","National Center for Biotechnology Information, NIH",USA,2018-08-24,,Enterovirus D,Enterovirus,Picornaviridae,ssRNA(+),7367,complete,,,1,USA,USA,,,,,,PRJNA485481,"Human enterovirus 68 strain Fermon, complete genome"
NC_038309,Simian enterovirus SV4,RefSeq,GCF_002816765.1,,"Oberste,M.S., Maher,K., Pallansch,M.A.","National Center for Biotechnology Information, NIH",USA,2018-08-24,,Enterovirus H,Enterovirus,Picornaviridae,ssRNA(+),7295,complete,,,1,,,,,,,,PRJNA485481,"Simian enterovirus SV4 strain 1715 UWB, complete genome"
NC_038310,Dromedary camel enterovirus 19CC,RefSeq,GCF_002816815.1,,"Woo,P.C., Lau,S.K., Li,T., Jose,S., Yip,C.C., Huang,Y., Wong,E.Y., Fan,R.Y., Cai,J.P., Wernery,U., Yuen,K.Y., Woo,P.C.Y., Lau,S.K.P.","National Center for Biotechnology Information, NIH",USA,2018-08-24,,Enterovirus I,Enterovirus,Picornaviridae,ssRNA(+),7441,complete,,,1,United Arab Emirates: Dubai,United Arab Emirates,,Camelus dromedarius,,2013-02-03,,PRJNA485481,"Dromedary camel enterovirus strain 19CC, complete genome"
NC_038311,rhinovirus A1,RefSeq,GCF_002816835.1,,"Palmenberg,A.C., Spiro,D., Kuzmickas,R., Wang,S., Djikeng,A., Rathe,J.A., Fraser-Liggett,C.M., Liggett,S.B., Overton,L., Tsitrin,T., Gallagher,T., Liu,J., Pushparaj,V., Tallon,L.J.","National Center for Biotechnology Information, NIH",USA,2018-08-24,,Rhinovirus A,Enterovirus,Picornaviridae,ssRNA(+),7137,complete,,,1,,,,,,,,PRJNA485481,"Human rhinovirus 1 strain ATCC VR-1559, complete genome"
NC_038312,rhinovirus B3,RefSeq,GCF_002816855.1,,,"National Center for Biotechnology Information, NIH",USA,2018-08-24,,Rhinovirus B,Enterovirus,Picornaviridae,ssRNA(+),7208,complete,3,,,USA,USA,,,,,,PRJNA485481,"Human rhinovirus 3, complete genome"
NC_038313,Bat hepatovirus SMG18520Minmav2014,RefSeq,GCF_002816915.1,,"Drexler,J.F., Corman,V.M., Lukashev,A.N., van den Brand,J.M., Gmyl,A.P., Brunink,S., Rasche,A., Seggewibeta,N., Feng,H., Leijten,L.M., Vallo,P., Kuiken,T., Dotzauer,A., Ulrich,R.G., Lemon,S.M., Drosten,C.","National Center for Biotechnology Information, NIH",USA,2018-08-24,SMG18520Minmav2014,Hepatovirus C,Hepatovirus,Picornaviridae,ssRNA(+),7570,complete,,,1,Madagascar,Madagascar,,Miniopterus,,2014,,PRJNA485481,"Bat hepatovirus SMG18520Minmav2014 polyprotein gene, complete cds"
NC_038314,Rodent hepatovirus CIV459Lopsik2004,RefSeq,GCF_002816965.1,,"Drexler,J.F., Corman,V.M., Lukashev,A.N., van den Brand,J.M., Gmyl,A.P., Brunink,S., Rasche,A., Seggewibeta,N., Feng,H., Leijten,L.M., Vallo,P., Kuiken,T., Dotzauer,A., Ulrich,R.G., Lemon,S.M., Drosten,C.","National Center for Biotechnology Information, NIH",USA,2018-08-24,CIV459Lopsik2004,Hepatovirus E,Hepatovirus,Picornaviridae,ssRNA(+),7406,complete,,,1,Cote d'Ivoire,Cote d'Ivoire,,Lophuromys sikapusi,,2004,,PRJNA485481,"Rodent hepatovirus CIV459Lopsik2004 polyprotein gene, complete cds"
NC_038315,Rodent hepatovirus KEF121Sigmas2012,RefSeq,GCF_002817005.1,,"Drexler,J.F., Corman,V.M., Lukashev,A.N., van den Brand,J.M., Gmyl,A.P., Brunink,S., Rasche,A., Seggewibeta,N., Feng,H., Leijten,L.M., Vallo,P., Kuiken,T., Dotzauer,A., Ulrich,R.G., Lemon,S.M., Drosten,C.","National Center for Biotechnology Information, NIH",USA,2018-08-24,KEF121Sigmas2012,Hepatovirus F,Hepatovirus,Picornaviridae,ssRNA(+),7563,complete,,,1,Mexico,Mexico,,Sigmodon mascotensis,,2012,,PRJNA485481,"Rodent hepatovirus KEF121Sigmas2012 polyprotein gene, complete cds"
NC_038316,Bat hepatovirus BUO2BF86Colafr2010,RefSeq,GCF_002817035.1,,"Drexler,J.F., Corman,V.M., Lukashev,A.N., van den Brand,J.M., Gmyl,A.P., Brunink,S., Rasche,A., Seggewibeta,N., Feng,H., Leijten,L.M., Vallo,P., Kuiken,T., Dotzauer,A., Ulrich,R.G., Lemon,S.M., Drosten,C.","National Center for Biotechnology Information, NIH",USA,2018-08-24,BUO2BF86Colafr2010,Hepatovirus G,Hepatovirus,Picornaviridae,ssRNA(+),7399,complete,,,1,Ghana,Ghana,,Coleura afra,,2010,,PRJNA485481,"Bat hepatovirus BUO2BF86Colafr2010 polyprotein gene, complete cds"
NC_038317,Kunsagivirus A,RefSeq,GCF_002817165.1,,"Boros,A., Kiss,T., Kiss,O., Pankovics,P., Kapusinszky,B., Delwart,E., Reuter,G.","National Center for Biotechnology Information, NIH",USA,2018-08-24,,Kunsagivirus A,Kunsagivirus,Picornaviridae,ssRNA(+),7272,complete,,,1,Hungary,Hungary,,Coracias garrulus,feces,2011-07,,PRJNA485481,"Kunsagivirus 1 strain roller/SZAL6-KuV/2011/HUN, complete genome"
NC_038319,Human parechovirus 1,RefSeq,GCF_002817305.1,,"Hyypia,T., Horsnell,C., Maaronen,M., Khan,M., Kalkkinen,N., Auvinen,P., Kinnunen,L., Stanway,G.","National Center for Biotechnology Information, NIH",USA,2018-08-24,,Parechovirus A,Parechovirus,Picornaviridae,ssRNA(+),7339,complete,,,1,,,,,,,,PRJNA485481,"polyprotein [echovirus 22 EV22, Harris, Genomic RNA Complete, 7339 nt]"
NC_038880,rosavirus A1,RefSeq,GCF_002817335.1,,"Phan,T.G., Kapusinszky,B., Wang,C., Rose,R.K., Lipton,H.L., Delwart,E.L., Phan,T., Delwart,E.","National Center for Biotechnology Information, NIH",USA,2018-08-24,,Rosavirus A,Rosavirus,Picornaviridae,ssRNA(+),8749,complete,,,1,USA,USA,,Peromyscus crinitus,feces,2010,,PRJNA485481,"Rosavirus M-7 polyprotein gene, complete cds"
NC_038957,pigeon mesivirus 1,RefSeq,GCF_003028975.1,,"Phan,T.G., Vo,N.P., Boros,A., Pankovics,P., Reuter,G., Li,O.T., Wang,C., Deng,X., Poon,L.L., Delwart,E., Phan,T.","National Center for Biotechnology Information, NIH",USA,2018-08-24,,Megrivirus B,Megrivirus,Picornaviridae,ssRNA(+),9101,complete,,,1,Hong Kong,Hong Kong,,Columbidae,feces,2011,,PRJNA485481,"Picornavirus HK21 polyprotein gene, complete cds"
NC_038961,Shanbavirus A,RefSeq,GCF_003029045.1,,"Wu,Z., Yang,L., Ren,X., He,G., Zhang,J., Yang,J., Qian,Z., Dong,J., Sun,L., Zhu,Y., Du,J., Yang,F., Zhang,S., Jin,Q.","National Center for Biotechnology Information, NIH",USA,2018-08-24,BtMf-PicoV-1/SAX2011,Shanbavirus A,Shanbavirus,Picornaviridae,ssRNA(+),7264,complete,,,1,China,China,,Miniopterus fuliginosus,,2011-09,,PRJNA485481,"Shanbavirus A isolate BtMf-PicoV-1/SAX2011 polyprotein gene, complete cds"
NC_038989,Picornaviridae sp. rodent/Ee/PicoV/NX2015,RefSeq,GCF_003029385.1,,"Wu,Z., Lu,L., Du,J., Yang,L., Ren,X., Liu,B., Jiang,J., Yang,J., Dong,J., Sun,L., Zhu,Y., Li,Y., Zheng,D., Zhang,C., Su,H., Zheng,Y., Zhou,H., Zhu,G., Li,H., Chmura,A., Yang,F., Daszak,P., Wang,J., Liu,Q., Jin,Q., Liu,F., Guo,F., Liu,J.","National Center for Biotechnology Information, NIH",USA,2018-08-24,rodent/Ee/PicoV/NX2015,Enterovirus K,Enterovirus,Picornaviridae,ssRNA(+),7805,complete,,,2,China,China,,Rodentia,,,,PRJNA485481,"Picornaviridae sp. rodent/Ee/PicoV/NX2015 polyprotein gene, complete cds"
NC_039004,Penguin megrivirus,RefSeq,GCF_003029615.1,,"Zell,R., Yinda,C.K., Esefeld,J., Peter,H.U., Matthijnssens,J.","National Center for Biotechnology Information, NIH",USA,2018-08-24,KGI-Bel-P5/2015,Megrivirus E,Megrivirus,Picornaviridae,ssRNA(+),9702,complete,,,1,,,,Pygoscelis adeliae,,2015-01-09,,PRJNA485481,"Penguin megrivirus isolate KGI-Bel-P5/2015, complete genome"
NC_039209,Equine rhinitis A virus,RefSeq,GCF_002816535.1,,"Aminev,A., Palmenberg,A.","National Center for Biotechnology Information, NIH",USA,2018-08-24,,Equine rhinitis A virus,Aphthovirus,Picornaviridae,ssRNA(+),7782,complete,,,,,,,Equus caballus,,,,PRJNA485481,"Equine rhinitis A virus strain PERV-1, complete genome"
NC_039210,Foot-and-mouth disease virus O,RefSeq,GCF_002816555.1,,,"National Center for Biotechnology Information, NIH",USA,2018-08-24,o6pirbright iso58,Foot-and-mouth disease virus,Aphthovirus,Picornaviridae,ssRNA(+),8201,complete,O,,,United Kingdom,United Kingdom,,,,,,PRJNA485481,"Foot-and-mouth disease virus O isolate o6pirbright iso58, complete genome"
NC_039212,Fathead minnow picornavirus,RefSeq,GCF_002817215.1,,"Phelps,N.B., Mor,S.K., Armien,A.G., Batts,W., Goodwin,A.E., Hopper,L., McCann,R., Ng,T.F., Puzach,C., Waltzek,T.B., Delwart,E., Winton,J., Goyal,S.M., Phelps,N.B.D.","National Center for Biotechnology Information, NIH",USA,2018-08-24,FHMPV-1,Limnipivirus C,Limnipivirus,Picornaviridae,ssRNA(+),7746,complete,,,1,USA,USA,,Pimephales promelas,,2011,,PRJNA485481,"Fathead minnow picornavirus isolate FHMPV-1, complete genome"
NC_039235,Chicken megrivirus,RefSeq,GCF_003029035.1,,"Boros,A., Pankovics,P., Knowles,N.J., Nemes,C., Delwart,E., Reuter,G.","National Center for Biotechnology Information, NIH",USA,2018-08-24,,Megrivirus C,Megrivirus,Picornaviridae,ssRNA(+),9560,complete,,,1,Hungary,Hungary,,Gallus gallus,feces,2012,,PRJNA485481,"Chicken megrivirus strain chicken/B21-CHV/2012/HUN, complete genome"
NC_036588,Passerivirus sp.,RefSeq,GCF_002890055.1,,"Pankovics,P., Boros,A., Phan,T.G., Delwart,E., Reuter,G.","National Center for Biotechnology Information, NIH",USA,2018-01-13,,Passerivirus sp.,Passerivirus,Picornaviridae,ssRNA(+),9130,complete,,,,Hungary,Hungary,,,cloaca,2014-11-14,,PRJNA485481,"Passerivirus sp. strain waxbill/DB01/HUN/2014, complete genome"
NC_035779,Falcon picornavirus,RefSeq,GCF_002355005.1,,"Pankovics,P., Boros,A., Matics,R., Kapusinszky,B., Delwart,E., Reuter,G.","National Center for Biotechnology Information, NIH",USA,2017-09-12,,Falcon picornavirus,,Picornaviridae,ssRNA(+),7964,complete,,,1,Hungary,Hungary,,Falco vespertinus,feces,2014-06,,PRJNA485481,"Falcon picornavirus, complete genome"
NC_035198,Aimelvirus 2,RefSeq,GCF_002219405.1,,"Zhang,W., Yang,S., Shan,T., Hou,R., Liu,Z., Li,W., Guo,L., Wang,Y., Chen,P., Wang,X., Feng,F., Wang,H., Chen,C., Shen,Q., Zhou,C., Hua,X., Cui,L., Deng,X., Zhang,Z., Qi,D., Delwart,E.","National Center for Biotechnology Information, NIH",USA,2017-07-14,,Aimelvirus 2,,Picornaviridae,ssRNA(+),8080,complete,,,1,,,,,,,,PRJNA485481,"Aimelvirus 2 strain gpai002, complete genome"
NC_035110,Fur seal picorna-like virus,RefSeq,GCF_002237235.1,,"Krumbholz,A., Groth,M., Esefeld,J., Krietsch,J., Peter,H.-U., Zell,R.","National Center for Biotechnology Information, NIH",USA,2017-06-27,KGI-Bel-22,Fur seal picorna-like virus,,Picornaviridae,ssRNA(+),8136,complete,,,,,,,Arctocephalus gazella,,2015-02-15,,PRJNA485481,"Fur seal picorna-like virus isolate KGI-Bel-22, complete genome"
NC_034971,Canine kobuvirus,RefSeq,GCF_002194365.1,,"Li,X.M., Tang,C., Wang,M.","National Center for Biotechnology Information, NIH",USA,2017-06-13,SMCD-59,Canine kobuvirus,Kobuvirus,Picornaviridae,ssRNA(+),8216,complete,,,,China,China,,Canis lupus familiaris,feces,2015-09,,PRJNA485481,"Canine kobuvirus isolate SMCD-59, complete genome"
NC_034617,megrivirus D1,RefSeq,GCF_002184175.1,,"Boros,A., Pankovics,P., Matics,R., Adonyi,A., Bolba,N., Phan,T.G., Delwart,E., Reuter,G.","National Center for Biotechnology Information, NIH",USA,2017-05-24,,Megrivirus D,Megrivirus,Picornaviridae,ssRNA(+),8541,complete,,,1,Hungary,Hungary,,Circus aeruginosus,cloaca,2014,,PRJNA485481,"Harrier picornavirus 1 strain harrier/MR-01/HUN/2014, complete genome"
NC_034453,Ferret parechovirus,RefSeq,GCF_002118445.1,,"Smits,S.L., Raj,V.S., Oduber,M.D., Schapendonk,C.M., Bodewes,R., Provacia,L., Stittelaar,K.J., Osterhaus,A.D., Haagmans,B.L., Raj,S.V., Oduber,M., Schapendonk,C.M.E., Osterhaus,A.D.M.E.","National Center for Biotechnology Information, NIH",USA,2017-05-05,MpPeV1,Parechovirus D,Parechovirus,Picornaviridae,ssRNA(+),7066,complete,,,1,Netherlands,Netherlands,,Mustela putorius furo,feces,,,PRJNA485481,"Ferret parechovirus isolate MpPeV1 polyprotein gene, complete cds"
NC_034381,mischivirus A1,RefSeq,GCF_002113985.1,,"Wu,Z., Yang,L., Ren,X., He,G., Zhang,J., Yang,J., Qian,Z., Dong,J., Sun,L., Zhu,Y., Du,J., Yang,F., Zhang,S., Jin,Q., Hu,Y., Liu,L., Xue,Y., Wang,J.","National Center for Biotechnology Information, NIH",USA,2017-04-26,,Mischivirus A,Mischivirus,Picornaviridae,ssRNA(+),8468,complete,,,2,China,China,,Miniopterus schreibersii,,2010-12,,PRJNA485481,"Miniopterus schreibersii picornavirus 1, complete genome"
NC_034267,Enterovirus goat/JL14,RefSeq,GCF_002088385.1,,"Wang,M., He,J., Lu,H., Liu,Y., Deng,Y., Zhu,L., Guo,C., Tu,C., Wang,X., Xing,Z.","National Center for Biotechnology Information, NIH",USA,2017-04-11,JL14,Enterovirus goat/JL14,Enterovirus,Picornaviridae,ssRNA(+),7461,complete,,,1,China,China,,Capra hircus,feces,2014-04-20,,PRJNA485481,"Enterovirus goat/JL14, complete genome"
NC_034245,Bovine rhinovirus 1,RefSeq,GCF_002080315.1,,"Hwang,J.-H., Lee,K.-N., Kim,S.-M., Park,J.-H., Kim,B.","National Center for Biotechnology Information, NIH",USA,2017-04-05,,Bovine rhinovirus 1,Aphthovirus,Picornaviridae,ssRNA(+),7253,complete,1,,,USA,USA,,,,,,PRJNA485481,"Bovine rhinovirus 1 strain SD-1, complete genome"
NC_034206,kunsagivirus C1,RefSeq,GCF_002029575.1,,"Buechler,C.R., Bailey,A.L., Lauck,M., Heffron,A., Johnson,J.C., Lawson,C., Rogers,J., Kuhn,J.H., O'Connor,D.H.","National Center for Biotechnology Information, NIH",USA,2017-03-14,baboon/M27-KuV/1986/TAN,Kunsagivirus C,Kunsagivirus,Picornaviridae,ssRNA(+),7429,complete,,,,Tanzania: Mikumi National Park,Tanzania,,Papio cynocephalus,,1986,,PRJNA485481,"Bakunsa virus, complete genome"
NC_033793,megrivirus B3CP-APO,RefSeq,GCF_002008395.1,,"Wang,F., Liang,T., Liu,N., Ning,K., Yu,K., Zhang,D.","National Center for Biotechnology Information, NIH",USA,2017-02-27,HN56,Megrivirus A,Megrivirus,Picornaviridae,ssRNA(+),10101,complete,,,1,China,China,,Anatidae,,2014-06,,PRJNA485481,"Megrivirus B3CP-APO isolate HN56, complete genome"
NC_033818,Kunsagivirus B,RefSeq,GCF_002008715.1,,"Yinda,C.K., Zeller,M., Conceicao-Neto,N., Maes,P., Deboutte,W., Beller,L., Heylen,E., Ghogomu,S.M., Van Ranst,M., Matthijnssens,J., Zell,R., Knowles,N.","National Center for Biotechnology Information, NIH",USA,2017-02-27,,Kunsagivirus B,Kunsagivirus,Picornaviridae,ssRNA(+),7092,complete,,,1,Cameroon,Cameroon,,Eidolon helvum,feces,2013-12,,PRJNA485481,"Kunsagivirus B clone Bat/CAM/KuV-P2/2013 polyprotein gene, complete cds"
NC_033819,Crohivirus B,RefSeq,GCF_002008575.1,,"Yinda,C.K., Zeller,M., Conceicao-Neto,N., Maes,P., Deboutte,W., Beller,L., Heylen,E., Ghogomu,S.M., Van Ranst,M., Matthijnssens,J., Zell,R., Knowles,N.","National Center for Biotechnology Information, NIH",USA,2017-02-27,,Crohivirus B,Crohivirus,Picornaviridae,ssRNA(+),7085,complete,,,1,Cameroon,Cameroon,,Eidolon helvum,feces,2013-12,,PRJNA485481,"Crohivirus B clone Bat/CAM/CroV-P25/2013 polyprotein gene, complete cds"
NC_033820,Bat sapelovirus,RefSeq,GCF_002008535.1,,"Yinda,C.K., Zeller,M., Conceicao-Neto,N., Maes,P., Deboutte,W., Beller,L., Heylen,E., Ghogomu,S.M., Van Ranst,M., Matthijnssens,J., Zell,R., Knowles,N.","National Center for Biotechnology Information, NIH",USA,2017-02-27,,Bat sapelovirus,Sapelovirus,Picornaviridae,ssRNA(+),7746,complete,,,1,Cameroon,Cameroon,,Eidolon helvum,feces,2013-12,,PRJNA485481,"Bat sapelovirus clone Bat/CAM/Sap-P24/2013 polyprotein gene, complete cds"
NC_033695,Enterovirus AN12,RefSeq,GCF_002005035.1,,"Tsuchiaka,S., Rahpaya,S.S., Otomaru,K., Aoki,H., Kishimoto,M., Naoi,Y., Omatsu,T., Sano,K., Okazaki-Terashima,S., Katayama,Y., Oba,M., Nagai,M., Mizutani,T.","National Center for Biotechnology Information, NIH",USA,2017-02-16,,Enterovirus AN12,Enterovirus,Picornaviridae,ssRNA(+),7414,complete,,,1,Japan,Japan,,Bos taurus,,2014-10-21,,PRJNA485481,"Enterovirus AN12 genomic RNA, complete genome, strain: AN12"
NC_032126,livupivirus A1,RefSeq,GCF_001921595.1,,"Pankovics,P., Boros,A., Toth,Z., Phan,T.G., Delwart,E., Reuter,G.","National Center for Biotechnology Information, NIH",USA,2016-12-22,,Livupivirus A,Livupivirus,Picornaviridae,ssRNA(+),7768,complete,,,1,Hungary,Hungary,,Lissotriton vulgaris,feces,2014-04-01,,PRJNA485481,"Livupivirus A1 strain newt/II-5-Pilis/2014/HUN, complete genome"
NC_031105,Rosavirus B,RefSeq,GCF_001744155.1,,"Lau,S.K.P., Woo,P.C.Y., Li,K.S.M., Zhang,H.-J., Fan,R.Y.Y., Zhang,A.J.X., Chan,B.C.C., Lam,C.S.F., Yip,C.C.Y., Yuen,M.-C., Chan,K.-H., Chen,Z.-W., Yuen,K.-Y.","National Center for Biotechnology Information, NIH",USA,2016-09-23,,Rosavirus B,Rosavirus,Picornaviridae,ssRNA(+),8938,complete,,,,Hong Kong,Hong Kong,,Rattus norvegicus,,2009-02-06,,PRJNA485481,"Rosavirus B strain RNCW0602091R polyprotein gene, complete cds"
NC_031106,Rosavirus C,RefSeq,GCF_001745475.1,,"Lau,S.K.P., Woo,P.C.Y., Li,K.S.M., Zhang,H.-J., Fan,R.Y.Y., Zhang,A.J.X., Chan,B.C.C., Lam,C.S.F., Yip,C.C.Y., Yuen,M.-C., Chan,K.-H., Chen,Z.-W., Yuen,K.-Y.","National Center for Biotechnology Information, NIH",USA,2016-09-23,,Rosavirus C,Rosavirus,Picornaviridae,ssRNA(+),9112,complete,,,,Hong Kong,Hong Kong,,Rattus andamanensis,,2009-03-24,,PRJNA485481,"Rosavirus C strain RATLC11A polyprotein gene, complete cds"
NC_030843,Washington bat picornavirus,RefSeq,GCF_001717315.1,,"Greninger,A.L., Makhsous,N., Shean,R., Jerome,K., Haman,K.","National Center for Biotechnology Information, NIH",USA,2016-08-29,,Washington bat picornavirus,,Picornaviridae,ssRNA(+),8946,complete,,,,USA,USA,,,,2016-04-22,,PRJNA485481,"Washington bat picornavirus polyprotein gene, complete cds"
NC_030454,enterovirus A114,RefSeq,GCF_001684625.1,,"Deshpande,J.M., Sharma,D.K., Saxena,V.K., Shetty,S.A., Qureshi,T.H., Nalavade,U.P.","National Center for Biotechnology Information, NIH",USA,2016-07-12,,Enterovirus A,Enterovirus,Picornaviridae,ssRNA(+),7317,complete,EV-A114,,1,India,India,,Homo sapiens,feces,2013-09-09,,PRJNA485481,"Enterovirus A114 strain V13-0285, partial genome"
NC_029905,Enterovirus SEV-gx,RefSeq,GCF_001629865.1,,"Ao,Y.","National Center for Biotechnology Information, NIH",USA,2016-04-20,SEV-gx,Enterovirus L,Enterovirus,Picornaviridae,ssRNA(+),7367,complete,,,,China,China,,Macaca mulatta,,2014-05-17,,PRJNA485481,"Enterovirus SEV-gx, complete genome"
NC_029854,Yak enterovirus,RefSeq,GCF_001618995.1,,"Zhang,B., Tang,C., Yue,H.","National Center for Biotechnology Information, NIH",USA,2016-04-11,,Yak enterovirus,Enterovirus,Picornaviridae,ssRNA(+),7382,complete,,,,China,China,,Bos grunniens,,2014-08-15,,PRJNA485481,"Yak enterovirus strain SWUN-AB001, complete genome"
NC_028964,Gallivirus Pf-CHK1/GV,RefSeq,GCF_001500755.1,,"Boros,A., Pankovics,P., Adonyi,A., Fenyvesi,H., Day,J.M., Phan,T.G., Delwart,E., Reuter,G.","National Center for Biotechnology Information, NIH",USA,2016-01-05,,Gallivirus Pf-CHK1/GV,Gallivirus,Picornaviridae,ssRNA(+),8506,complete,,,1,Hungary,Hungary,,Gallus gallus,cloaca,2013,,PRJNA485481,"Gallivirus Pf-CHK1/GV, complete genome"
NC_028970,Avisivirus Pf-CHK1/AsV,RefSeq,GCF_001502795.1,,"Boros,A., Pankovics,P., Adonyi,A., Fenyvesi,H., Day,J.M., Phan,T.G., Delwart,E., Reuter,G.","National Center for Biotechnology Information, NIH",USA,2016-01-05,,Avisivirus Pf-CHK1/AsV,Avisivirus,Picornaviridae,ssRNA(+),7270,complete,,,1,Hungary,Hungary,,Gallus gallus,cloaca,2013,,PRJNA485481,"Avisivirus Pf-CHK1/AsV, complete genome"
NC_028981,Tupaia hepatovirus A,RefSeq,GCF_001502175.1,,"Ng,T.F.F., Reuter,G., Oberste,S., Nix,W.A.","National Center for Biotechnology Information, NIH",USA,2016-01-05,TN1,Tupaia hepatovirus A,Hepatovirus,Picornaviridae,ssRNA(+),7417,complete,,,,China,China,,Tupaia chinensis,liver,2012-01-01,,PRJNA485481,"Tupaia hepatovirus A isolate TN1, complete genome"
NC_028363,Rodent hepatovirus RMU101637Micarv2010,RefSeq,GCF_001444005.1,,"Drexler,J.F., Corman,V.M., Lukashev,A.N., van den Brand,J.M., Gmyl,A.P., Brunink,S., Rasche,A., Seggewibeta,N., Feng,H., Leijten,L.M., Vallo,P., Kuiken,T., Dotzauer,A., Ulrich,R.G., Lemon,S.M., Drosten,C.","National Center for Biotechnology Information, NIH",USA,2015-11-12,RMU101637Micarv2010,Hepatovirus D,Hepatovirus,Picornaviridae,ssRNA(+),7656,complete,,,1,Germany,Germany,,Microtus arvalis,,2010,,PRJNA485481,"Rodent hepatovirus RMU101637Micarv2010 polyprotein gene, complete cds"
NC_028364,Shrew hepatovirus KS121232Sorara2012,RefSeq,GCF_001443885.1,,"Drexler,J.F., Corman,V.M., Lukashev,A.N., van den Brand,J.M., Gmyl,A.P., Brunink,S., Rasche,A., Seggewibeta,N., Feng,H., Leijten,L.M., Vallo,P., Kuiken,T., Dotzauer,A., Ulrich,R.G., Lemon,S.M., Drosten,C.","National Center for Biotechnology Information, NIH",USA,2015-11-12,KS121232Sorara2012,Hepatovirus I,Hepatovirus,Picornaviridae,ssRNA(+),7810,complete,,,1,Germany,Germany,,Sorex araneus,,2012,,PRJNA485481,"Shrew hepatovirus KS121232Sorara2012 polyprotein gene, complete cds"
NC_028366,hepatovirus H2,RefSeq,GCF_001443765.1,,"Drexler,J.F., Corman,V.M., Lukashev,A.N., van den Brand,J.M., Gmyl,A.P., Brunink,S., Rasche,A., Seggewibeta,N., Feng,H., Leijten,L.M., Vallo,P., Kuiken,T., Dotzauer,A., Ulrich,R.G., Lemon,S.M., Drosten,C.","National Center for Biotechnology Information, NIH",USA,2015-11-12,M32Eidhel2010,Hepatovirus H,Hepatovirus,Picornaviridae,ssRNA(+),7333,complete,,,1,Ghana,Ghana,,Eidolon helvum,,2010,,PRJNA485481,Hepatovirus H2 isolate M32Eidhel2010 genomic sequence
NC_028380,sicinivirus A1,RefSeq,GCF_001443985.1,,"Zhou,H., Zhu,S., Quan,R., Wang,J., Wei,L., Yang,B., Xu,F., Chen,F., Liu,J.","National Center for Biotechnology Information, NIH",USA,2015-11-12,JSY,Sicinivirus A,Sicinivirus,Picornaviridae,ssRNA(+),9809,complete,,,1,China,China,,Gallus gallus,feces,,,PRJNA485481,"Sicinivirus A1 isolate JSY, complete genome"
NC_027918,Kobuvirus cattle/Kagoshima-2-24-KoV/2015/JPN,RefSeq,GCF_001308635.1,,"Otomaru,K., Naoi,Y., Haga,K., Omatsu,T., Uto,T., Koizumi,M., Masuda,T., Yamasato,H., Takai,H., Aoki,H., Tsuchiaka,S., Sano,K., Okazaki,S., Katayama,Y., Oba,M., Furuya,T., Shirai,J., Katayama,K., Mizutani,T., Nagai,M.","National Center for Biotechnology Information, NIH",USA,2015-10-07,,Kobuvirus dekago,Kobuvirus,Picornaviridae,ssRNA(+),8496,complete,,,1,Japan: Kagoshima,Japan,,Bos taurus,,2015-02-02,,PRJNA485481,"Kobuvirus cattle/Kagoshima-2-24-KoV/2015/JPN genomic RNA, complete genome, strain: Kagoshima-2-24-KoV/2015/JPN"
NC_027919,Kobuvirus cattle/Kagoshima-1-22-KoV/2014/JPN,RefSeq,GCF_001308755.1,,"Otomaru,K., Naoi,Y., Haga,K., Omatsu,T., Uto,T., Koizumi,M., Masuda,T., Yamasato,H., Takai,H., Aoki,H., Tsuchiaka,S., Sano,K., Okazaki,S., Katayama,Y., Oba,M., Furuya,T., Shirai,J., Katayama,K., Mizutani,T., Nagai,M.","National Center for Biotechnology Information, NIH",USA,2015-10-07,,Kobuvirus dekago,Kobuvirus,Picornaviridae,ssRNA(+),8087,complete,,,1,Japan: Kagoshima,Japan,,Bos taurus,,2014-11,,PRJNA485481,"Kobuvirus cattle/Kagoshima-1-22-KoV/2014/JPN genomic RNA, nearly complete genome, strain: Kagoshima-1-22-KoV/2014/JPN"
NC_027818,Phopivirus,RefSeq,GCF_001292955.1,,"Anthony,S.J., St Leger,J.A., Liang,E., Hicks,A.L., Sanchez-Leon,M.D., Jain,K., Lefkowitch,J.H., Navarrete-Macias,I., Knowles,N., Goldstein,T., Pugliares,K., Ip,H.S., Rowles,T., Lipkin,W.I., St. Leger,J., Lefkowitch,J., Ip,H.","National Center for Biotechnology Information, NIH",USA,2015-09-14,,Hepatovirus B,Hepatovirus,Picornaviridae,ssRNA(+),7476,complete,,,1,USA,USA,,Phoca vitulina,,2011-09-30,,PRJNA485481,"Phopivirus strain NewEngland_USA/2011, complete genome"
NC_027214,Ampivirus A1,RefSeq,GCF_001029005.1,,"Reuter,G., Boros,A., Toth,Z., Phan,T.G., Delwart,E., Pankovics,P.","National Center for Biotechnology Information, NIH",USA,2015-06-15,,Ampivirus apilisi,Ampivirus,Picornaviridae,ssRNA(+),9246,complete,,,1,Hungary,Hungary,,Lissotriton vulgaris,feces,2013-03,,PRJNA485481,"Ampivirus A1 strain NEWT/2013/HUN, complete genome"
NC_027054,Porcine kobuvirus,RefSeq,GCF_001008455.1,,"Jin,W., Yang,Z., Zhao,Z., Qin,A., Yang,H.","National Center for Biotechnology Information, NIH",USA,2015-05-14,JS-02a-CHN/2014/China,Kobuvirus cebes,Kobuvirus,Picornaviridae,ssRNA(+),8121,complete,,,,China,China,,Sus scrofa,feces,2014,,PRJNA485481,"Porcine kobuvirus isolate JS-02a-CHN/2014/China, complete genome"
NC_026921,Falcovirus A1,RefSeq,GCF_000981755.1,,"Boros,A., Pankovics,P., Simmonds,P., Pollak,E., Matics,R., Phan,T.G., Delwart,E., Reuter,G.","National Center for Biotechnology Information, NIH",USA,2015-04-27,,Harkavirus A,Harkavirus,Picornaviridae,ssRNA(+),8003,complete,,,1,Hungary,Hungary,,Falco tinnunculus,cloaca,2013-06-22,,PRJNA485481,"Falcovirus A1 strain kestrel/VOVE0622/2013/HUN, complete genome"
NC_026470,mischivirus C1,RefSeq,GCF_000931355.1,,"Ng,T.F.F., Schneider,B.S., Gillis,A., LeBreton,M., Kondov,N.O., Coffey,L., Wolfe,N.D., Delwart,E.","National Center for Biotechnology Information, NIH",USA,2015-02-17,PREDICT-06105,Mischivirus C,Mischivirus,Picornaviridae,ssRNA(+),8096,complete,,,,Democratic Republic of the Congo,Democratic Republic of the Congo,,Macronycteris gigas,oronasopharynx,2013,,PRJNA485481,"African bat icavirus A isolate PREDICT-06105, complete genome"
NC_026315,malagasivirus A1,RefSeq,GCF_000931095.1,,"Lim,E.S., Deem,S.L., Porton,I.J., Cao,S., Wang,D.","National Center for Biotechnology Information, NIH",USA,2015-01-31,Mis101308/2012,Malagasivirus A,Malagasivirus,Picornaviridae,ssRNA(+),7687,complete,,,1,USA,USA,,Lemur catta,feces,2012,,PRJNA485481,"Lesavirus 1 isolate Mis101308/2012, complete genome"
NC_026316,malagasivirus B1,RefSeq,GCF_000931295.1,,"Lim,E.S., Deem,S.L., Porton,I.J., Cao,S., Wang,D.","National Center for Biotechnology Information, NIH",USA,2015-01-31,Nai108015/2012,Malagasivirus B,Malagasivirus,Picornaviridae,ssRNA(+),7593,complete,,,1,USA,USA,,Varecia variegata,feces,2012,,PRJNA485481,"Lesavirus 2 isolate Nai108015/2012, complete genome"
NC_026249,Bovine picornavirus,RefSeq,GCF_000930935.1,,"Tokarz,R., Lipkin,W.I.","National Center for Biotechnology Information, NIH",USA,2015-01-26,TCH6,Bopivirus A,Bopivirus,Picornaviridae,ssRNA(+),7018,complete,,,,USA,USA,,Bos taurus,,2013,,PRJNA485481,"Bovine picornavirus isolate TCH6 polyprotein gene, complete cds"
NC_025961,Cosavirus JMY-2014,RefSeq,GCF_000930055.1,,"Yu,J.-M., Duan,Z.-J.","National Center for Biotechnology Information, NIH",USA,2014-12-24,Cosa-CHN,Cosavirus JMY-2014,Cosavirus,Picornaviridae,ssRNA(+),7213,complete,,,,China,China,,Homo sapiens,feces,2012-08-11,,PRJNA485481,"Cosavirus JMY-2014 isolate Cosa-CHN, complete genome"
NC_025890,torchivirus A1,RefSeq,GCF_000930675.1,,"Farkas,S.L., Ihasz,K., Feher,E., Bartha,D., Jakab,F., Gal,J., Banyai,K., Marschang,R.E.","National Center for Biotechnology Information, NIH",USA,2014-12-11,,Torchivirus A,Torchivirus,Picornaviridae,ssRNA(+),7093,complete,,,1,Germany,Germany,,Testudo hermanni,,2004,,PRJNA485481,"Tortoise picornavirus strain 14-04, complete genome"
NC_025432,Chicken orivirus 1,RefSeq,GCF_000926835.1,,"Boros,A., Pankovics,P., Adonyi,A., Phan,T.G., Delwart,E., Reuter,G.","National Center for Biotechnology Information, NIH",USA,2014-11-25,,Orivirus A,Orivirus,Picornaviridae,ssRNA(+),7037,complete,,,1,Hungary,Hungary,,Gallus gallus,cloaca,2013,,PRJNA485481,"Chicken orivirus 1 strain chicken/Pf-CHK1/2013/HUN, complete genome"
NC_025675,hunnivirus A4,RefSeq,GCF_000927675.1,,"Firth,C., Bhat,M., Firth,M.A., Williams,S.H., Frye,M.J., Simmonds,P., Conte,J.M., Ng,J., Garcia,J., Bhuva,N.P., Lee,B., Che,X., Quan,P.L., Lipkin,W.I., Conte,J., Bhuva,N., Quan,P.-L.","National Center for Biotechnology Information, NIH",USA,2014-11-19,NrHuV/NYC-E21,Hunnivirus A,Hunnivirus,Picornaviridae,ssRNA(+),7496,complete,,,1,"USA: New York, New York City",USA,NY,Rattus norvegicus,,2012-12-02,,PRJNA485481,"Norway rat hunnivirus isolate NrHuV/NYC-E21 polyprotein gene, complete cds"
NC_025474,Crohivirus A,RefSeq,GCF_000925975.1,,"Sasaki,M., Orba,Y., Ueno,K., Ishii,A., Moonga,L., Hang'ombe,B.M., Mweene,A.S., Ito,K., Sawa,H.","National Center for Biotechnology Information, NIH",USA,2014-11-17,,Crohivirus A,Crohivirus,Picornaviridae,ssRNA(+),7321,complete,,,1,Zambia,Zambia,,Crocidura hirta,feces,2012-05,,PRJNA485481,"Crohivirus A gene for polyprotein, complete cds, strain: ZM54"
NC_025114,Salivirus FHB,RefSeq,GCF_000926235.1,,"Yu,J.M., Ao,Y.Y., Liu,N., Li,L.L., Duan,Z.J., Yu,J.-M., Duan,Z.-J.","National Center for Biotechnology Information, NIH",USA,2014-09-29,SaliV-FHB,Salivirus FHB,Salivirus,Picornaviridae,ssRNA(+),7998,complete,,,1,China,China,,Homo sapiens,,2011,,PRJNA485481,"Salivirus FHB, complete genome"
NC_024765,Chicken picornavirus 1,RefSeq,GCF_000923455.1,,"Lau,S.K., Woo,P.C., Yip,C.C., Li,K.S., Fan,R.Y., Bai,R., Huang,Y., Chan,K.H., Yuen,K.Y., Lau,S.K.P., Woo,P.C.Y., Yip,C.C.Y., Li,K.S.M., Fan,R.Y.Y.","National Center for Biotechnology Information, NIH",USA,2014-09-02,55C,Chicken picornavirus 1,,Picornaviridae,ssRNA(+),8287,complete,,,1,Hong Kong,Hong Kong,,Gallus gallus,,2008-10-10,,PRJNA485481,"Chicken picornavirus 1 isolate 55C, complete genome"
NC_024766,Chicken picornavirus 2,RefSeq,GCF_000924115.1,,"Lau,S.K., Woo,P.C., Yip,C.C., Li,K.S., Fan,R.Y., Bai,R., Huang,Y., Chan,K.H., Yuen,K.Y., Lau,S.K.P., Woo,P.C.Y., Yip,C.C.Y., Li,K.S.M., Fan,R.Y.Y.","National Center for Biotechnology Information, NIH",USA,2014-09-02,44C,Avisivirus B,Avisivirus,Picornaviridae,ssRNA(+),7310,complete,,,1,Hong Kong,Hong Kong,,Gallus gallus,,2008-10-10,,PRJNA485481,"Chicken picornavirus 2 isolate 44C, complete genome"
NC_024767,Chicken picornavirus 3,RefSeq,GCF_000923475.1,,"Lau,S.K., Woo,P.C., Yip,C.C., Li,K.S., Fan,R.Y., Bai,R., Huang,Y., Chan,K.H., Yuen,K.Y., Lau,S.K.P., Woo,P.C.Y., Yip,C.C.Y., Li,K.S.M., Fan,R.Y.Y.","National Center for Biotechnology Information, NIH",USA,2014-09-02,45C,Avisivirus C,Avisivirus,Picornaviridae,ssRNA(+),7167,complete,,,1,Hong Kong,Hong Kong,,Gallus gallus,,2008-10-10,,PRJNA485481,"Chicken picornavirus 3 isolate 45C, complete genome"
NC_024768,Chicken picornavirus 4,RefSeq,GCF_000922415.1,,"Lau,S.K., Woo,P.C., Yip,C.C., Li,K.S., Fan,R.Y., Bai,R., Huang,Y., Chan,K.H., Yuen,K.Y., Lau,S.K.P., Woo,P.C.Y., Yip,C.C.Y., Li,K.S.M., Fan,R.Y.Y.","National Center for Biotechnology Information, NIH",USA,2014-09-02,5C,Chicken picornavirus 4,,Picornaviridae,ssRNA(+),9564,complete,,,1,Hong Kong,Hong Kong,,Gallus gallus,,2008-09-09,,PRJNA485481,"Chicken picornavirus 4 isolate 5C, complete genome"
NC_024769,megrivirus C2,RefSeq,GCF_000921575.1,,"Lau,S.K., Woo,P.C., Yip,C.C., Li,K.S., Fan,R.Y., Bai,R., Huang,Y., Chan,K.H., Yuen,K.Y., Lau,S.K.P., Woo,P.C.Y., Yip,C.C.Y., Li,K.S.M., Fan,R.Y.Y.","National Center for Biotechnology Information, NIH",USA,2014-09-02,27C,Megrivirus C,Megrivirus,Picornaviridae,ssRNA(+),9591,complete,,,1,Hong Kong,Hong Kong,,Gallus gallus,,2008-09-19,,PRJNA485481,"Megrivirus C2 isolate 27C, complete genome"
NC_024770,gallivirus A1,RefSeq,GCF_000924095.1,,"Lau,S.K., Woo,P.C., Yip,C.C., Li,K.S., Fan,R.Y., Bai,R., Huang,Y., Chan,K.H., Yuen,K.Y., Lau,S.K.P., Woo,P.C.Y., Yip,C.C.Y., Li,K.S.M., Fan,R.Y.Y.","National Center for Biotechnology Information, NIH",USA,2014-09-02,518C,Gallivirus A,Gallivirus,Picornaviridae,ssRNA(+),8432,complete,,,1,Hong Kong,Hong Kong,,Gallus gallus,,2010-09-16,,PRJNA485481,"Gallivirus A1 isolate 518C, complete genome"
NC_024120,megrivirus A2,RefSeq,GCF_000920755.1,,"Liao,Q., Zheng,L., Yuan,Y., Shi,J., Zhang,D.","National Center for Biotechnology Information, NIH",USA,2014-05-23,,Megrivirus A,Megrivirus,Picornaviridae,ssRNA(+),9700,complete,,,1,,,,Anas platyrhynchos,,,,PRJNA485481,"Megrivirus A2 strain LY, complete genome"
NC_024073,Enterovirus sp.,RefSeq,GCF_000919855.1,,"Van Nguyen,D., Harvala,H., Ngole,E.M., Delaporte,E., Woolhouse,M.E., Peeters,M., Simmonds,P., Nguyen,D.V., Ahuka-Mundeke,S., Woolhouse,M.E.J.","National Center for Biotechnology Information, NIH",USA,2014-05-06,CPML_8109/08,Enterovirus sp.,Enterovirus,Picornaviridae,ssRNA(+),7376,complete,,,1,Cameroon,Cameroon,,Mandrillus sphinx,feces,2008-02-04,,PRJNA485481,"Enterovirus sp. isolate CPML_8109/08, complete genome"
NC_024070,Rosavirus A2,RefSeq,GCF_000918175.1,,"Lim,E.S., Cao,S., Holtz,L.R., Antonio,M., Stine,O.C., Wang,D.","National Center for Biotechnology Information, NIH",USA,2014-05-05,,Rosavirus A,Rosavirus,Picornaviridae,ssRNA(+),8931,complete,,,1,Gambia,Gambia,,Homo sapiens,feces,2008-10-29,,PRJNA485481,"Rosavirus 2 strain GA7403, complete genome"
NC_023984,Human cosavirus,RefSeq,GCF_000920655.1,,"Cotten,M., Oude Munnink,B., Canuti,M., Deijs,M., Watson,S.J., Kellam,P., van der Hoek,L.","National Center for Biotechnology Information, NIH",USA,2014-04-14,Cosavirus_Amsterdam_1994,Human cosavirus,Cosavirus,Picornaviridae,ssRNA(+),7802,complete,,,1,Netherlands,Netherlands,,Homo sapiens,,1994-03-22,,PRJNA485481,"Human cosavirus isolate Cosavirus_Amsterdam_1994, complete genome"
NC_023985,Duck aalivirus 1,RefSeq,GCF_000919155.1,,"Wang,X., Liu,N., Wang,F., Ning,K., Li,Y., Zhang,D.","National Center for Biotechnology Information, NIH",USA,2014-04-14,,Aalivirus apekidu,Aalivirus,Picornaviridae,ssRNA(+),8976,complete,,,1,China,China,,Anas platyrhynchos,abdominal cavity,2012-10-10,,PRJNA485481,"Duck picornavirus GL/12, complete genome"
NC_023987,Mosavirus A2,RefSeq,GCF_000918135.1,,"Reuter,G., Boros,A., Kiss,T., Delwart,E., Pankovics,P.","National Center for Biotechnology Information, NIH",USA,2014-04-14,,Mosavirus A,Mosavirus,Picornaviridae,ssRNA(+),8398,complete,,,1,Hungary,Hungary,,Coracias garrulus,feces,2011-07,,PRJNA485481,"Mosavirus A2 strain SZAL6-MoV/2011/HUN, complete genome"
NC_023988,Tortoise rafivirus A,RefSeq,GCF_000920635.1,,"Ng,T.F.F., Wellehan,J.F.X. Jr., Goe,A., Kondov,N.O., Reuter,G., Wong,W., Waltzek,T.B., Knowles,N.J., Delwart,E.","National Center for Biotechnology Information, NIH",USA,2014-04-14,UF4,Tortoise rafivirus A,,Picornaviridae,ssRNA(+),7204,complete,,,,USA,USA,,Indotestudo forstenii,,2009,,PRJNA485481,"Tortoise Rafivirus A isolate UF4, complete genome"
NC_023858,Melegrivirus A,RefSeq,GCF_000917935.1,,"Boros,A., Pankovics,P., Knowles,N.J., Nemes,C., Delwart,E., Reuter,G.","National Center for Biotechnology Information, NIH",USA,2014-03-31,,Melegrivirus A,Megrivirus,Picornaviridae,ssRNA(+),9739,complete,,,1,Hungary,Hungary,,Meleagris gallopavo,feces,2011,,PRJNA485481,"Melegrivirus A, complete genome"
NC_023861,Sicinivirus A,RefSeq,GCF_000919575.2,,"Bullman,S., Kearney,K., O'Mahony,M., Kelly,L., Whyte,P., Fanning,S., Morgan,J.G., Govi,B., Wu,H., Shkoporov,A.","National Center for Biotechnology Information, NIH",USA,2014-03-31,,Sicinivirus A,Sicinivirus,Picornaviridae,ssRNA(+),9798,complete,,,1,Ireland,Ireland,,Gallus gallus,feces,,,PRJNA485481,"Sicinivirus A strain UCC001, complete genome"
NC_023422,Caprine kobuvirus,RefSeq,GCF_000915315.1,,"Oem,J.K., Lee,M.H., Lee,K.K., An,D.J., Oem,J.-K., Kim,S.-H., Kim,Y.-H., Lee,M.-H., Lee,K.-K.","National Center for Biotechnology Information, NIH",USA,2014-02-04,12Q108,Kobuvirus cebes,Kobuvirus,Picornaviridae,ssRNA(+),8305,complete,,,1,South Korea,South Korea,,Capra hircus,feces,2012,,PRJNA485481,"Caprine kobuvirus isolate 12Q108, complete genome"
NC_023162,limnipivirus B1,RefSeq,GCF_000915915.1,,"Lange,J., Groth,M., Fichtner,D., Granzow,H., Keller,B., Walther,M., Platzer,M., Sauerbrei,A., Zell,R.","National Center for Biotechnology Information, NIH",USA,2013-12-30,F37/06,Limnipivirus B,Limnipivirus,Picornaviridae,ssRNA(+),7697,complete,,,1,Germany,Germany,,Cyprinus carpio,,2006,,PRJNA485481,"Carp picornavirus 1 isolate F37/06, complete genome"
NC_022802,Feline sakobuvirus A,RefSeq,GCF_000913895.1,,"Ng,T.F., Mesquita,J.R., Nascimento,M.S., Kondov,N.O., Wong,W., Reuter,G., Knowles,N.J., Vega,E., Esona,M.D., Deng,X., Vinje,J., Delwart,E., Ng,T.F.F., Knowles,N., Vega,E.M., Den,X.","National Center for Biotechnology Information, NIH",USA,2013-11-14,FFUP1,Sakobuvirus A,Sakobuvirus,Picornaviridae,ssRNA(+),7807,complete,,,1,Portugal,Portugal,,Felis catus,,2012-12-01,,PRJNA485481,"Feline sakobuvirus A isolate FFUP1, complete genome"
NC_022332,potamipivirus A1,RefSeq,GCF_000910995.1,,"Fichtner,D., Philipps,A., Groth,M., Schmidt-Posthaus,H., Granzow,H., Dauber,M., Platzer,M., Bergmann,S.M., Schrudde,D., Sauerbrei,A., Zell,R.","National Center for Biotechnology Information, NIH",USA,2013-09-12,,Potamipivirus A,Potamipivirus,Picornaviridae,ssRNA(+),7539,complete,,,1,Germany,Germany,,Anguilla anguilla,,2005-05,,PRJNA485481,"Eel picornavirus 1 strain F15/05, complete genome"
NC_021482,Sebokele virus 1,RefSeq,GCF_000909315.1,,"Joffret,M.L., Bouchier,C., Grandadam,M., Zeller,H., Maufrais,C., Bourhy,H., Despres,P., Delpeyroux,F., Dacheux,L., Joffret,M.","National Center for Biotechnology Information, NIH",USA,2013-06-18,,Parechovirus C,Parechovirus,Picornaviridae,ssRNA(+),7537,complete,,,1,Central African Republic:Botambi,Central African Republic,,Hylomyscus,,1972,,PRJNA485481,"Sebokele virus 1 ORF1 gene for polyprotein, genomic RNA, strain 1"
NC_021220,Enterovirus F,RefSeq,GCF_000907315.1,,"Zell,R., Krumbholz,A., Dauber,M., Hoey,E., Wutzler,P.","National Center for Biotechnology Information, NIH",USA,2013-05-16,,Enterovirus F,Enterovirus,Picornaviridae,ssRNA(+),7397,complete,2,,1,,,,,,,,PRJNA485481,"Enterovirus F strain BEV-261 polyprotein gene, complete cds"
NC_021201,Turkey hepatitis virus 2993D,RefSeq,GCF_000906415.1,,"Honkavuori,K.S., Shivaprasad,H.L., Briese,T., Street,C., Hirschberg,D.L., Hutchison,S.K., Lipkin,W.I.","National Center for Biotechnology Information, NIH",USA,2013-05-13,,Melegrivirus A,Megrivirus,Picornaviridae,ssRNA(+),9075,complete,,,1,USA,USA,,Meleagris gallopavo,"liver, abdominal cavity",,,PRJNA485481,"Turkey hepatitis virus 2993D polyprotein gene, complete cds"
NC_021178,Canine picodicistrovirus,RefSeq,GCF_000908335.1,,"Woo,P.C., Lau,S.K., Choi,G.K., Huang,Y., Teng,J.L., Tsoi,H.W., Tse,H., Yeung,M.L., Chan,K.H., Jin,D.Y., Yuen,K.Y., Woo,P.C.Y., Lau,S.K.P., Choi,G.K.Y., Teng,J.L.L., Tsoi,H.-W., Chan,K.-H., Jin,D.-Y., Yuen,K.-Y.","National Center for Biotechnology Information, NIH",USA,2013-05-06,,Cadicivirus A,Dicipivirus,Picornaviridae,ssRNA(+),8785,complete,,,1,Hong Kong,Hong Kong,,Canis lupus familiaris,,2008,,PRJNA485481,"Canine picodicistrovirus strain 209, complete genome"
NC_018668,hunnivirus A1,RefSeq,GCF_000897695.1,,"Reuter,G., Pankovics,P., Knowles,N.J., Boros,A.","National Center for Biotechnology Information, NIH",USA,2012-10-02,,Hunnivirus A,Hunnivirus,Picornaviridae,ssRNA(+),7583,complete,,,1,Hungary,Hungary,,Bos taurus,feces,2008-02-29,,PRJNA485481,"Bovine hungarovirus 1 strain BHUV1/2008/HUN, complete genome"
NC_018506,limnipivirus A1,RefSeq,GCF_000898575.1,,"Barbknecht,M., Sepsenwol,S., Leis,E., Tuttle-Lau,M., Gaikowski,M., Knowles,N.J., Lasee,B., Hoffman,M.A., Barbknecht,M.J.","National Center for Biotechnology Information, NIH",USA,2012-08-28,04-032,Limnipivirus A,Limnipivirus,Picornaviridae,ssRNA(+),8050,complete,,,1,USA,USA,,Lepomis macrochirus,,2003-11,,PRJNA485481,"Bluegill picornavirus isolate 04-032, complete genome"
NC_018400,gallivirus A1,RefSeq,GCF_000897475.1,,"Boros,A., Nemes,C., Pankovics,P., Kapusinszky,B., Delwart,E., Reuter,G.","National Center for Biotechnology Information, NIH",USA,2012-08-13,,Gallivirus A,Gallivirus,Picornaviridae,ssRNA(+),8496,complete,,,1,Hungary,Hungary,,Meleagris gallopavo,feces,2011-04,,PRJNA485481,"Gallivirus A1 strain turkey/M176/2011/HUN, complete genome"
NC_015936,Mouse kobuvirus M-5/USA/2010,RefSeq,GCF_000893835.1,,"Phan,T.G., Kapusinszky,B., Wang,C., Rose,R.K., Lipton,H.L., Delwart,E.L., Phan,T., Delwart,E.","National Center for Biotechnology Information, NIH",USA,2012-07-03,,Mouse kobuvirus M-5/USA/2010,Kobuvirus,Picornaviridae,ssRNA(+),8198,complete,,,1,USA,USA,,Peromyscus crinitus,feces,2010,,PRJNA485481,"Mouse kobuvirus M-5/USA/2010, complete genome"
NC_016964,Canine picornavirus,RefSeq,GCF_000895375.1,,"Woo,P.C., Lau,S.K., Choi,G.K., Yip,C.C., Huang,Y., Tsoi,H.W., Yuen,K.Y., Woo,P.C.Y., Lau,S.K.P., Choi,G.K.Y., Yip,C.C.Y., Tsoi,H.-W., Yuen,K.-Y.","National Center for Biotechnology Information, NIH",USA,2012-03-12,325,Mischivirus D,Mischivirus,Picornaviridae,ssRNA(+),7948,complete,,,1,Hong Kong,Hong Kong,,Canis lupus familiaris,,2008,,PRJNA485481,"Canine picornavirus, complete genome"
NC_016769,Porcine kobuvirus SH-W-CHN/2010/China,RefSeq,GCF_000895935.1,,"Wang,C., Lan,D., Cui,L., Yang,Z., Yuan,C., Hua,X., Wang,C.S., Lan,D.L., Hua,X.G.","National Center for Biotechnology Information, NIH",USA,2012-02-10,SH-W-CHN/2010/China,Kobuvirus cebes,Kobuvirus,Picornaviridae,ssRNA(+),8210,complete,,,1,China,China,,Sus scrofa,feces,2010-12,,PRJNA485481,"Porcine kobuvirus SH-W-CHN/2010/China, complete genome"
NC_016156,Feline picornavirus,RefSeq,GCF_000894955.1,,"Lau,S.K., Woo,P.C., Yip,C.C., Choi,G.K., Wu,Y., Bai,R., Fan,R.Y., Lai,K.K., Chan,K.H., Yuen,K.Y., Lau,S.K.P., Woo,P.C.Y., Yip,C.C.Y., Choi,G.K.Y., Fan,R.Y.Y., Lai,K.K.Y.","National Center for Biotechnology Information, NIH",USA,2011-11-29,,Feline picornavirus,,Picornaviridae,ssRNA(+),7391,complete,,,1,Hong Kong,Hong Kong,,Felis catus,,2007-08-24,,PRJNA485481,"Feline picornavirus, complete genome"
NC_016403,Quail picornavirus QPV1/HUN/2010,RefSeq,GCF_000895635.1,,"Pankovics,P., Boros,A., Reuter,G.","National Center for Biotechnology Information, NIH",USA,2011-11-23,,Quail picornavirus QPV1/HUN/2010,,Picornaviridae,ssRNA(+),8159,complete,,,1,Hungary,Hungary,,Coturnix coturnix,feces,2010-07,,PRJNA485481,"Quail picornavirus QPV1/HUN/2010, complete genome"
NC_015934,Bat picornavirus 3,RefSeq,GCF_000892935.1,,"Lau,S.K., Woo,P.C., Lai,K.K., Huang,Y., Yip,C.C., Shek,C.T., Lee,P., Lam,C.S., Chan,K.H., Yuen,K.Y.","National Center for Biotechnology Information, NIH",USA,2011-09-02,,Bat picornavirus 3,,Picornaviridae,ssRNA(+),7749,complete,,,1,Hong Kong,Hong Kong,,Rhinolophus sinicus,,2008-09-12,,PRJNA485481,"Bat picornavirus 3, complete genome"
NC_015940,Bat picornavirus 1,RefSeq,GCF_000893855.1,,"Lau,S.K., Woo,P.C., Lai,K.K., Huang,Y., Yip,C.C., Shek,C.T., Lee,P., Lam,C.S., Chan,K.H., Yuen,K.Y.","National Center for Biotechnology Information, NIH",USA,2011-09-02,,Bat picornavirus 1,,Picornaviridae,ssRNA(+),7753,complete,,,1,Hong Kong,Hong Kong,,Miniopterus pusillus,,2008-12-19,,PRJNA485481,"Bat picornavirus 1, complete genome"
NC_015941,Bat picornavirus 2,RefSeq,GCF_000891335.1,,"Lau,S.K., Woo,P.C., Lai,K.K., Huang,Y., Yip,C.C., Shek,C.T., Lee,P., Lam,C.S., Chan,K.H., Yuen,K.Y.","National Center for Biotechnology Information, NIH",USA,2011-09-02,,Bat picornavirus 2,,Picornaviridae,ssRNA(+),7693,complete,,,1,Hong Kong,Hong Kong,,Miniopterus magnater,,2005-09-06,,PRJNA485481,"Bat picornavirus 2, complete genome"
NC_015626,Pigeon picornavirus B,RefSeq,GCF_000892795.1,,"Kofstad,T., Jonassen,C.M.","National Center for Biotechnology Information, NIH",USA,2011-06-03,,Pigeon picornavirus B,,Picornaviridae,ssRNA(+),7801,complete,,,1,Norway:Oslo,Norway,,Columbidae,,2003-08-19,,PRJNA485481,"Pigeon picornavirus B, complete genome"
NC_014411,Passerivirus A1,RefSeq,GCF_000890055.1,,"Woo,P.C., Lau,S.K., Huang,Y., Lam,C.S., Poon,R.W., Tsoi,H.W., Lee,P., Tse,H., Chan,A.S., Luk,G., Chan,K.H., Yuen,K.Y., Dyrting,K.C.","National Center for Biotechnology Information, NIH",USA,2010-08-19,,Passerivirus A,Passerivirus,Picornaviridae,ssRNA(+),8035,complete,,,1,Hong Kong,Hong Kong,,Turdus pallidus,,2007-01-11,,PRJNA485481,"Turdivirus 1, complete genome"
NC_014412,Oscivirus A1,RefSeq,GCF_000887535.1,,"Woo,P.C., Lau,S.K., Huang,Y., Lam,C.S., Poon,R.W., Tsoi,H.W., Lee,P., Tse,H., Chan,A.S., Luk,G., Chan,K.H., Yuen,K.Y., Dyrting,K.C.","National Center for Biotechnology Information, NIH",USA,2010-08-19,,Oscivirus A,Oscivirus,Picornaviridae,ssRNA(+),7641,complete,,,1,Hong Kong,Hong Kong,,Copsychus saularis,,2006-12-06,,PRJNA485481,"Turdivirus 2, complete genome"
NC_014413,Oscivirus A2,RefSeq,GCF_000889195.1,,"Woo,P.C., Lau,S.K., Huang,Y., Lam,C.S., Poon,R.W., Tsoi,H.W., Lee,P., Tse,H., Chan,A.S., Luk,G., Chan,K.H., Yuen,K.Y., Dyrting,K.C.","National Center for Biotechnology Information, NIH",USA,2010-08-19,,Oscivirus A,Oscivirus,Picornaviridae,ssRNA(+),7678,complete,,,1,Hong Kong,Hong Kong,,Turdus hortulorum,,2006-12-21,,PRJNA485481,"Turdivirus 3, complete genome"
NC_013695,Enterovirus J,RefSeq,GCF_000884595.1,,"Oberste,M.S., Maher,K., Pallansch,M.A.","National Center for Biotechnology Information, NIH",USA,2009-12-30,Simian picornavirus strain N203,Enterovirus J,Enterovirus,Picornaviridae,ssRNA(+),7379,complete,,,2,,,,,,,,PRJNA485481,"Enterovirus J strain N203, complete genome"
NC_012986,Salivirus A,RefSeq,GCF_000885035.1,,"Greninger,A.L., Runckel,C., Chiu,C.Y., Haggerty,T., Parsonnet,J., Ganem,D., DeRisi,J.L.","National Center for Biotechnology Information, NIH",USA,2009-07-20,02394-01,Salivirus A,Salivirus,Picornaviridae,ssRNA(+),7989,complete,1,,1,USA,USA,,Homo sapiens,,2002-10-16,,PRJNA485481,"Salivirus A isolate 02394-01, complete genome"
NC_012957,Salivirus NG-J1,RefSeq,GCF_000886535.1,,"Li,L., Victoria,J., Kapoor,A., Blinkova,O., Wang,C., Babrzadeh,F., Mason,C.J., Pandey,P., Triki,H., Bahri,O., Oderinde,B.S., Baba,M.M., Bukbuk,D.N., Besser,J.M., Bartkus,J.M., Delwart,E.L., Victori,J., Delwart,E.","National Center for Biotechnology Information, NIH",USA,2009-07-13,,Salivirus A,Salivirus,Picornaviridae,ssRNA(+),7982,complete,,,1,Nigeria,Nigeria,,Homo sapiens,feces,2007-04,,PRJNA485481,"Salivirus NG-J1, complete genome"
NC_012800,Cosavirus A,RefSeq,GCF_000885595.1,,"Kapoor,A., Victoria,J., Simmonds,P., Slikas,E., Chieochansin,T., Naeem,A., Shaukat,S., Sharif,S., Alam,M.M., Angez,M., Wang,C., Shafer,R.W., Zaidi,S., Delwart,E.","National Center for Biotechnology Information, NIH",USA,2009-06-11,0553,Cosavirus A,Cosavirus,Picornaviridae,ssRNA(+),7632,complete,,,1,,,,Homo sapiens,feces,,,PRJNA485481,"Cosavirus A strain HCoSV-A1 polyprotein gene, complete cds"
NC_012801,Human cosavirus B,RefSeq,GCF_000884955.1,,"Kapoor,A., Victoria,J., Simmonds,P., Slikas,E., Chieochansin,T., Naeem,A., Shaukat,S., Sharif,S., Alam,M.M., Angez,M., Wang,C., Shafer,R.W., Zaidi,S., Delwart,E.","National Center for Biotechnology Information, NIH",USA,2009-06-11,2263,Cosavirus B,Cosavirus,Picornaviridae,ssRNA(+),7205,complete,,,1,Pakistan,Pakistan,,Homo sapiens,feces,,,PRJNA485481,"Human cosavirus B1, complete genome"
NC_012802,Cosavirus D,RefSeq,GCF_000886475.1,,"Kapoor,A., Victoria,J., Simmonds,P., Slikas,E., Chieochansin,T., Naeem,A., Shaukat,S., Sharif,S., Alam,M.M., Angez,M., Wang,C., Shafer,R.W., Zaidi,S., Delwart,E.","National Center for Biotechnology Information, NIH",USA,2009-06-11,5004,Cosavirus D,Cosavirus,Picornaviridae,ssRNA(+),7215,complete,,,1,Pakistan,Pakistan,,Homo sapiens,feces,,,PRJNA485481,"Human cosavirus D1, complete genome"
NC_011829,Porcine kobuvirus swine/S-1-HUN/2007/Hungary,RefSeq,GCF_000881035.1,,"Reuter,G., Boldizsar,A., Pankovics,P., Kiss,I.","National Center for Biotechnology Information, NIH",USA,2009-01-05,,Kobuvirus cebes,Kobuvirus,Picornaviridae,ssRNA(+),8210,complete,,,2,Hungary,Hungary,,Sus scrofa,feces,2007,,PRJNA485481,"Porcine kobuvirus swine/S-1-HUN/2007/Hungary, complete genome"
NC_011349,Senecavirus A,RefSeq,GCF_000881615.1,,"Hales,L.M., Knowles,N.J., Reddy,P.S., Xu,L., Hay,C., Hallenbeck,P.L.","National Center for Biotechnology Information, NIH",USA,2008-10-09,SVV-001,Senecavirus valles,Senecavirus,Picornaviridae,ssRNA(+),7310,complete,,,1,USA,USA,,,,,,PRJNA485481,"Seneca valley virus, complete genome"
NC_010810,Saffold virus 2,RefSeq,GCF_000875265.1,,"Chiu,C.Y., Greninger,A.L., Kanada,K., Kwok,T., Fischer,K.F., Runckel,C., Louie,J.K., Glaser,C.A., Yagi,S., Schnurr,D.P., Haggerty,T.D., Parsonnet,J., Ganem,D., DeRisi,J.L.","National Center for Biotechnology Information, NIH",USA,2008-06-05,,Cardiovirus D,Cardiovirus,Picornaviridae,ssRNA(+),7961,complete,,,1,,,,,,,,PRJNA485481,"Saffold virus 2, complete genome"
NC_010415,Enterovirus J,RefSeq,GCF_000875085.1,,"Oberste,M.S., Maher,K., Pallansch,M.A.","National Center for Biotechnology Information, NIH",USA,2008-03-03,Simian enterovirus SV6,Enterovirus J,Enterovirus,Picornaviridae,ssRNA(+),7351,complete,,,2,,,,,,,,PRJNA485481,"Enterovirus J strain 1631, complete genome"
NC_010354,bovine rhinitis B virus 1,RefSeq,GCF_000879775.1,,"Hollister,J.R., Vagnozzi,A., Knowles,N.J., Rieder,E.","National Center for Biotechnology Information, NIH",USA,2008-02-22,,Bovine rhinitis B virus,Aphthovirus,Picornaviridae,ssRNA(+),7556,complete,2,,1,United Kingdom,United Kingdom,,Bos taurus,,,,PRJNA485481,"Bovine rhinitis B virus 1, complete genome"
NC_009996,Rhinovirus C,RefSeq,GCF_000872325.1,,"Lau,S.K., Yip,C.C., Tsoi,H.W., Lee,R.A., So,L.Y., Lau,Y.L., Chan,K.H., Woo,P.C., Yuen,K.Y., Lau,S.K.P., Yip,C.C.Y., Woo,P.C.Y.","National Center for Biotechnology Information, NIH",USA,2007-11-20,,Rhinovirus C,Enterovirus,Picornaviridae,ssRNA(+),7099,complete,,,1,Hong Kong,Hong Kong,,,oronasopharynx,,,PRJNA485481,"Human rhinovirus C, complete genome"
NC_009448,Saffold virus,RefSeq,GCF_000871545.1,,"Jones,M.S., Lukashov,V.V., Ganac,R.D., Schnurr,D.P., Jones,M.S. Jr.","David Grant USAF Medical Center, CIF",USA,2007-05-09,,Cardiovirus B,Cardiovirus,Picornaviridae,ssRNA(+),8115,complete,,,1,USA,USA,,,,,,PRJNA485481,"Saffold virus, complete genome"
NC_008714,enterovirus F4,RefSeq,GCF_000869665.1,,"Zheng,T.","AgResearch Limited, Infectious Diseases Group",New Zealand,2006-12-27,W1,Enterovirus F,Enterovirus,Picornaviridae,ssRNA(+),7390,complete,,,1,,,,,,,,PRJNA485481,"Possum enterovirus W1, complete genome"
NC_008250,Duck hepatitis A virus 1,RefSeq,GCF_000869945.1,,"Kim,M.C., Kwon,Y.K., Joh,S.J., Lindberg,A.M., Kwon,J.H., Kim,J.H., Kim,S.J.","National Center for Biotechnology Information, NIH",USA,2006-07-21,,Avihepatovirus A,Avihepatovirus,Picornaviridae,ssRNA(+),7711,complete,,,1,,,,,,,,PRJNA485481,"Duck hepatitis A virus 1 strain R85952, complete genome"
NC_006553,anativirus A1,RefSeq,GCF_000854225.1,,"Tseng,C.H., Tsai,H.J.","National Center for Biotechnology Information, NIH",USA,2004-12-17,TW90A,Anativirus aductai,Anativirus,Picornaviridae,ssRNA(+),8289,complete,,,1,,,,,,,,PRJNA485481,"Anativirus A1 isolate TW90A, complete genome"
NC_004451,Simian sapelovirus 1,RefSeq,GCF_000856165.1,,"Oberste,M.S., Maher,K., Pallansch,M.A.","National Center for Biotechnology Information, NIH",USA,2002-12-18,,Sapelovirus B,Sapelovirus,Picornaviridae,ssRNA(+),8126,complete,,,1,,,,,,,,PRJNA485481,"Simian sapelovirus 1, complete genome"
NC_004441,Porcine enterovirus 9,RefSeq,GCF_000863405.1,,"Krumbholz,A., Dauber,M., Henke,A., Birch-Hirschfeld,E., Knowles,N.J., Stelzner,A., Zell,R.","National Center for Biotechnology Information, NIH",USA,2002-12-16,,Enterovirus G,Enterovirus,Picornaviridae,ssRNA(+),7388,complete,,,1,,,,,,,,PRJNA485481,"Porcine enterovirus 9 strain UKG/410/73 polyprotein gene, complete cds"
NC_004421,Kobuvirus bejaponia,RefSeq,GCF_000853805.1,,"Yamashita,T., Ito,M., Kabashima,Y., Tsuzuki,H., Fujiura,A., Sakae,K.","National Center for Biotechnology Information, NIH",USA,2002-11-18,,Kobuvirus bejaponia,Kobuvirus,Picornaviridae,ssRNA(+),8374,complete,,,1,,,,Bos taurus,,,,PRJNA485481,"Aichivirus B genomic RNA, complete genome, strain:U-1"
NC_003976,Ljungan virus,RefSeq,GCF_000860945.1,,"Johansson,S., Niklasson,B., Maizel,J., Gorbalenya,A.E., Lindberg,A.M., Gorbalenya,A.","National Center for Biotechnology Information, NIH",USA,2002-06-02,,Parechovirus B,Parechovirus,Picornaviridae,ssRNA(+),7590,complete,,,2,,,,,,,,PRJNA485481,"Ljungan virus, complete genome"
NC_003987,porcine sapelovirus 1,RefSeq,GCF_000863425.1,,"Krumbholz,A., Dauber,M., Henke,A., Birch-Hirschfeld,E., Knowles,N.J., Stelzner,A., Zell,R.","National Center for Biotechnology Information, NIH",USA,2002-05-19,,Sapelovirus A,Sapelovirus,Picornaviridae,ssRNA(+),7491,complete,8,,1,,,,,,,,PRJNA485481,"Porcine sapelovirus 1, complete genome"
NC_003988,Enterovirus H,RefSeq,GCF_000861565.1,,"Liu,Z., Donahue,R.E., Young,N.S., Brown,K.E.","National Center for Biotechnology Information, NIH",USA,2000-07-15,,Enterovirus H,Enterovirus,Picornaviridae,ssRNA(+),7374,complete,,,1,,,,,,,,PRJNA485481,"Simian enterovirus A, complete genome"
NC_003985,Teschovirus A,RefSeq,GCF_000857805.1,,"Doherty,M., Todd,D., McFerran,N., Hoey,E.M.","National Center for Biotechnology Information, NIH",USA,1999-04-05,F65,Teschovirus A,Teschovirus,Picornaviridae,ssRNA(+),7117,complete,1,,1,,,,,,,,PRJNA485481,"Porcine teschovirus 1, complete genome"
NC_003990,tremovirus A1,RefSeq,GCF_000863245.1,,"Marvil,P., Knowles,N.J., Mockett,A.P., Britton,P., Brown,T.D., Cavanagh,D.","National Center for Biotechnology Information, NIH",USA,1998-12-02,,Tremovirus A,Tremovirus,Picornaviridae,ssRNA(+),7055,complete,,,1,,,,,,,,PRJNA485481,"Avian encephalomyelitis virus, complete genome"
NC_001918,Aichi virus 1,RefSeq,GCF_000861885.1,,"Yamashita,T., Sakae,K., Tsuzuki,H., Suzuki,Y., Ishikawa,N., Takeda,N., Miyamura,T., Yamazaki,S.","National Center for Biotechnology Information, NIH",USA,1998-07-09,A846/88,Kobuvirus aichi,Kobuvirus,Picornaviridae,ssRNA(+),8251,complete,,,1,,,,Homo sapiens,,,,PRJNA485481,"Aichi virus, complete genome"
NC_001897,Parechovirus A,RefSeq,GCF_000861505.1,,"Johansson,S., Niklasson,B., Maizel,J., Gorbalenya,A.E., Lindberg,A.M., Ghazi,F., Hughes,P.J., Hyypia,T., Stanway,G.","National Center for Biotechnology Information, NIH",USA,1998-05-25,,Parechovirus A,Parechovirus,Picornaviridae,ssRNA(+),7348,partial,2,,2,,,,,,,,PRJNA485481,"Human parechovirus, genome"
NC_003983,Equine rhinitis B virus 1,RefSeq,GCF_000858325.1,,"Wutz,G., Auer,H., Nowotny,N., Grosse,B., Skern,T., Kuechler,E.","National Center for Biotechnology Information, NIH",USA,1996-04-12,,Erbovirus A,Erbovirus,Picornaviridae,ssRNA(+),8828,complete,,,1,,,,Equus caballus,,,,PRJNA485481,"Equine rhinitis B virus 1, complete genome"
NC_001612,Enterovirus A,RefSeq,GCF_000861905.1,,"Poyry,T., Hyypia,T., Horsnell,C., Kinnunen,L., Hovi,T., Stanway,G.","National Center for Biotechnology Information, NIH",USA,1994-03-08,,Enterovirus A,Enterovirus,Picornaviridae,ssRNA(+),7413,complete,,,1,,,,,,,,PRJNA485481,"Human enterovirus A, complete genome"
NC_001617,Rhinovirus A,RefSeq,GCF_000862245.1,,,"National Center for Biotechnology Information, NIH",USA,1993-09-22,,Rhinovirus A,Enterovirus,Picornaviridae,ssRNA(+),7152,complete,89,,,,,,,,,,PRJNA485481,"Human rhinovirus 89, complete genome"
NC_001472,Enterovirus B,RefSeq,GCF_000861325.1,,"Iizuka,N., Kuge,S., Nomoto,A.","National Center for Biotechnology Information, NIH",USA,1993-08-02,,Enterovirus B,Enterovirus,Picornaviridae,ssRNA(+),7389,complete,,,1,,,,,,,,PRJNA485481,"Human enterovirus B, complete genome"
NC_001479,Encephalomyocarditis virus,RefSeq,GCF_000862985.1,,"Duke,G.M., Hoffman,M.A., Palmenberg,A.C.","National Center for Biotechnology Information, NIH",USA,1993-08-02,,Cardiovirus A,Cardiovirus,Picornaviridae,ssRNA(+),7835,complete,,,1,,,,,,,,PRJNA485481,"Encephalomyocarditis virus, complete genome"
NC_001489,Hepatovirus A,RefSeq,GCF_000860505.1,,"Cohen,J.I., Ticehurst,J.R., Purcell,R.H., Buckler-White,A., Baroudy,B.M.","National Center for Biotechnology Information, NIH",USA,1993-08-02,,Hepatovirus A,Hepatovirus,Picornaviridae,ssRNA(+),7478,complete,,,1,,,,,,,,PRJNA485481,"Hepatitis A virus, complete genome"
NC_001490,rhinovirus B14,RefSeq,GCF_000861265.1,,"Callahan,P.L., Mizutani,S., Colonno,R.J., Stanway,G., Hughes,P.J., Mountford,R.C., Minor,P.D., Almond,J.W.","National Center for Biotechnology Information, NIH",USA,1993-08-02,,Rhinovirus B,Enterovirus,Picornaviridae,ssRNA(+),7212,complete,,,2,,,,,,,,PRJNA485481,"Rhinovirus B14, complete sequence"
NC_001430,Enterovirus D,RefSeq,GCF_000861205.1,,"Ryan,M.D., Jenkins,O., Hughes,P.J., Brown,A., Knowles,N.J., Booth,D., Minor,P.D., Almond,J.W.","National Center for Biotechnology Information, NIH",USA,1993-04-29,,Enterovirus D,Enterovirus,Picornaviridae,ssRNA(+),7390,complete,,,1,,,,,,,,PRJNA485481,"Human enterovirus D, complete genome"
NC_001859,Enterovirus E,RefSeq,GCF_000863205.1,,"Earle,J.A., Skuce,R.A., Fleming,C.S., Hoey,E.M., Martin,S.J.","National Center for Biotechnology Information, NIH",USA,1993-04-29,,Enterovirus E,Enterovirus,Picornaviridae,ssRNA(+),7414,complete,,,1,,,,,,,,PRJNA485481,"Bovine enterovirus, complete genome"
NC_001366,Theilovirus,RefSeq,GCF_000861185.1,,"Law,K.M., Brown,T.D.","National Center for Biotechnology Information, NIH",USA,1990-11-14,,Cardiovirus B,Cardiovirus,Picornaviridae,ssRNA(+),8101,complete,,,1,,,,,,,,PRJNA485481,"Theilovirus, complete genome"
NC_002058,Enterovirus C,RefSeq,GCF_000861165.1,,"Kafasla,P., Morgner,N., Robinson,C.V., Jackson,R.J., Vogt,D.A., Andino,R., Toyoda,H., Franco,D., Fujita,K., Paul,A.V., Wimmer,E., Ochs,K., Saleh,L., Bassili,G., Sonntag,V.H., Zeller,A., Niepmann,M., Parsley,T.B., Towner,J.S., Blyn,L.B., Ehrenfeld,E., Semler,B.L., Pilipenko,E.V., Poperechny,K.V., Maslova,S.V., Melchers,W.J., Slot,H.J., Agol,V.I., Swiderek,K.M., Richards,O., Stahl,D.C., Hellen,C.U., Pestova,T.V., Litterst,M., Haller,A.A., Nguyen,J.H., Rieckhof,G.E., Achacoso,P.L., Baltimore,D., Sinyakov,A.N., Percy,N., Belsham,G.J., Brangwyn,J.K., Sullivan,M., Stone,D.M., Almond,J.W., Nicholson,R., Pelletier,J., Le,S.Y., Sonenberg,N., Jang,S.K., Krausslich,H.G., Nicklin,M.J., Duke,G.M., Palmenberg,A.C., Dorner,A.J., Hanecak,R., Duprey,E., Dorner,L.F., Larsen,G.R., Anderson,C.W., Emini,E.A., Elzinga,M., Racaniello,V.R., Kitamura,N., Rothberg,P.G., Adler,C.J., Lee,J.J., van der Werf,S., Martinko,J., Nathenson,S.G.","National Center for Biotechnology Information, NIH",USA,1982-11-03,,Enterovirus C,Enterovirus,Picornaviridae,ssRNA(+),7440,complete,,,23,,,,,,,,PRJNA485481,"Poliovirus, complete genome"
